{
  "keep": 0.25,
  "pct": 25.0,
  "epochs": 50,
  "seed": 42,
  "rho": 85.52687738236612,
  "L": 85.52687738236612,
  "train_rows": 607132,
  "seen": {
    "median": 0.3315672517677126,
    "mean": 0.8112751884237971,
    "n": 135
  },
  "neighborhood": {
    "median": 1.1446796733825984,
    "mean": 1.1346764467390356,
    "n": 15,
    "per_point": [
      1.4340989476325015,
      1.1446796733825984,
      0.9768200624482145,
      0.9508333878473222,
      1.03665001900897,
      0.8093396086593536,
      1.0776383114786965,
      0.8892072474717686,
      1.1585284462765981,
      1.17814014533778,
      1.3082493479351414,
      1.093537128261871,
      1.2601394486916746,
      1.444990660899931,
      1.2572942657531108
    ]
  },
  "far": {
    "median": 2.484308119951717,
    "mean": 5.522165706867058,
    "n": 10,
    "per_point": [
      6.800436240418578,
      1.642422879184778,
      4.322938871935041,
      1.0053617049256738,
      1.0115577629323504,
      1.1555589576892946,
      1.062504568491031,
      3.326193360718656,
      10.420674782331574,
      24.474007940043606
    ]
  },
  "per_neighborhood": {
    "near_source": {
      "seen_median": 0.10824880374638425,
      "neighborhood_median": 1.03665001900897
    },
    "in_between": {
      "seen_median": 0.3315672517677126,
      "neighborhood_median": 1.0776383114786965
    },
    "near_boundary": {
      "seen_median": 1.4231880083271597,
      "neighborhood_median": 1.2601394486916746
    }
  }
}