{
  "per_nbhd": 50,
  "n_test": 5,
  "seed": 42,
  "tight": true,
  "neighborhoods": [
    {
      "name": "near_source",
      "center": [
        -49.5,
        -99.5
      ],
      "r_max_mm": 4.1231056256176535,
      "n_interior": 30,
      "train_rows": [
        20099,
        19899,
        20100,
        20098,
        20299,
        19900,
        19898,
        20298,
        19699,
        20097,
        20101,
        20499,
        19698,
        19700,
        19897,
        20297,
        20500,
        20498,
        19697,
        19701,
        20501,
        19499,
        20096,
        20102,
        19498,
        19500,
        19896,
        20296,
        19902,
        20698,
        20700,
        20302,
        19501,
        19497,
        19696,
        20496,
        19702,
        20701,
        20697,
        20502,
        19299,
        20095,
        20103,
        20899,
        19298
      ],
      "test_rows": [
        20699,
        19901,
        20497,
        20301,
        20300
      ],
      "train_xy": [
        [
          -49.499999999999986,
          -99.5
        ],
        [
          -50.499999999999986,
          -99.5
        ],
        [
          -49.499999999999986,
          -100.5
        ],
        [
          -49.499999999999986,
          -98.5
        ],
        [
          -48.499999999999986,
          -99.5
        ],
        [
          -50.499999999999986,
          -100.5
        ],
        [
          -50.499999999999986,
          -98.5
        ],
        [
          -48.499999999999986,
          -98.5
        ],
        [
          -51.49999999999999,
          -99.5
        ],
        [
          -49.499999999999986,
          -97.5
        ],
        [
          -49.499999999999986,
          -101.5
        ],
        [
          -47.499999999999986,
          -99.5
        ],
        [
          -51.49999999999999,
          -98.5
        ],
        [
          -51.49999999999999,
          -100.5
        ],
        [
          -50.499999999999986,
          -97.5
        ],
        [
          -48.499999999999986,
          -97.5
        ],
        [
          -47.499999999999986,
          -100.5
        ],
        [
          -47.499999999999986,
          -98.5
        ],
        [
          -51.49999999999999,
          -97.5
        ],
        [
          -51.49999999999999,
          -101.5
        ],
        [
          -47.499999999999986,
          -101.5
        ],
        [
          -52.49999999999999,
          -99.5
        ],
        [
          -49.499999999999986,
          -96.5
        ],
        [
          -49.499999999999986,
          -102.50000000000001
        ],
        [
          -52.49999999999999,
          -98.5
        ],
        [
          -52.49999999999999,
          -100.5
        ],
        [
          -50.499999999999986,
          -96.5
        ],
        [
          -48.499999999999986,
          -96.5
        ],
        [
          -50.499999999999986,
          -102.50000000000001
        ],
        [
          -46.499999999999986,
          -98.5
        ],
        [
          -46.499999999999986,
          -100.5
        ],
        [
          -48.499999999999986,
          -102.50000000000001
        ],
        [
          -52.49999999999999,
          -101.5
        ],
        [
          -52.49999999999999,
          -97.5
        ],
        [
          -51.49999999999999,
          -96.5
        ],
        [
          -47.499999999999986,
          -96.5
        ],
        [
          -51.49999999999999,
          -102.50000000000001
        ],
        [
          -46.499999999999986,
          -101.5
        ],
        [
          -46.499999999999986,
          -97.5
        ],
        [
          -47.499999999999986,
          -102.50000000000001
        ],
        [
          -53.49999999999999,
          -99.5
        ],
        [
          -49.499999999999986,
          -95.5
        ],
        [
          -49.499999999999986,
          -103.50000000000001
        ],
        [
          -45.499999999999986,
          -99.5
        ],
        [
          -53.49999999999999,
          -98.5
        ]
      ],
      "test_xy": [
        [
          -46.499999999999986,
          -99.5
        ],
        [
          -50.499999999999986,
          -101.5
        ],
        [
          -47.499999999999986,
          -97.5
        ],
        [
          -48.499999999999986,
          -101.5
        ],
        [
          -48.499999999999986,
          -100.5
        ]
      ]
    },
    {
      "name": "in_between",
      "center": [
        50.0,
        -99.5
      ],
      "r_max_mm": 4.031128874149262,
      "n_interior": 28,
      "train_rows": [
        40099,
        39900,
        39898,
        40100,
        39699,
        40299,
        39700,
        39698,
        40298,
        40300,
        39897,
        40101,
        40097,
        39499,
        39697,
        39701,
        40301,
        40499,
        39500,
        39498,
        40498,
        40500,
        39896,
        40096,
        39902,
        40102,
        39501,
        40501,
        40497,
        39696,
        39702,
        40296,
        40302,
        39299,
        40699,
        39298,
        39300,
        40698,
        40700,
        39496,
        39502,
        40496,
        40502,
        39297,
        39301
      ],
      "test_rows": [
        39899,
        40098,
        40297,
        39497,
        39901
      ],