{
  "radius_mm": 15.0,
  "per_nbhd": 50,
  "n_test": 5,
  "seed": 42,
  "neighborhoods": [
    {
      "name": "near_source",
      "center": [
        -49.5,
        -99.5
      ],
      "n_in_disk": 705,
      "r_max_mm": 15.0,
      "train_rows": [
        19893,
        19310,
        21697,
        18102,
        19899,
        18711,
        19312,
        19099,
        19293,
        20114,
        18306,
        22503,
        18503,
        22090,
        19510,
        18901,
        19090,
        20101,
        18492,
        18911,
        19487,
        20495,
        21897,
        19087,
        18098,
        20085,
        21709,
        17906,
        19894,
        18505,
        18099,
        19901,
        21308,
        20906,
        21902,
        18893,
        21112,
        20898,
        20311,
        20511,
        22501,
        18294,
        19289,
        17897,
        18704
      ],
      "test_rows": [
        17303,
        18490,
        20100,
        22705,
        21094
      ],
      "train_xy": [
        [
          -50.499999999999986,
          -93.5
        ],
        [
          -53.49999999999999,
          -110.5
        ],
        [
          -41.49999999999999,
          -97.5
        ],
        [
          -59.5,
          -102.50000000000001
        ],
        [
          -50.499999999999986,
          -99.5
        ],
        [
          -56.49999999999999,
          -111.5
        ],
        [
          -53.49999999999999,
          -112.5
        ],
        [
          -54.49999999999999,
          -99.5
        ],
        [
          -53.49999999999999,
          -93.5
        ],
        [
          -49.499999999999986,
          -114.5
        ],
        [
          -58.5,
          -106.5
        ],
        [
          -37.49999999999999,
          -103.50000000000001
        ],
        [
          -57.49999999999999,
          -103.50000000000001
        ],
        [
          -39.49999999999999,
          -90.5
        ],
        [
          -52.49999999999999,
          -110.5
        ],
        [
          -55.49999999999999,
          -101.5
        ],
        [
          -54.49999999999999,
          -90.5
        ],
        [
          -49.499999999999986,
          -101.5
        ],
        [
          -57.49999999999999,
          -92.5
        ],
        [
          -55.49999999999999,
          -111.5
        ],
        [
          -52.49999999999999,
          -87.50000000000001
        ],
        [
          -47.499999999999986,
          -95.5
        ],
        [
          -40.49999999999999,
          -97.5
        ],
        [
          -54.49999999999999,
          -87.50000000000001
        ],
        [
          -59.5,
          -98.5
        ],
        [
          -49.499999999999986,
          -85.5
        ],
        [
          -41.49999999999999,
          -109.5
        ],
        [
          -60.5,
          -106.5
        ],
        [
          -50.499999999999986,
          -94.5
        ],
        [
          -57.49999999999999,
          -105.5
        ],
        [
          -59.5,
          -99.5
        ],
        [
          -50.499999999999986,
          -101.5
        ],
        [
          -43.5,
          -108.5
        ],
        [
          -45.499999999999986,
          -106.5
        ],
        [
          -40.49999999999999,
          -102.50000000000001
        ],
        [
          -55.49999999999999,
          -93.5
        ],
        [
          -44.5,
          -112.5
        ],
        [
          -45.499999999999986,
          -98.5
        ],
        [
          -48.499999999999986,
          -111.5
        ],
        [
          -47.499999999999986,
          -111.5
        ],
        [
          -37.49999999999999,
          -101.5
        ],
        [
          -58.5,
          -94.5
        ],
        [
          -53.49999999999999,
          -89.5
        ],
        [
          -60.5,
          -97.5
        ],
        [
          -56.49999999999999,
          -104.50000000000001
        ]
      ],
      "test_xy": [
        [
          -63.499999999999986,
          -103.50000000000001
        ],
        [
          -57.49999999999999,
          -90.5
        ],
        [
          -49.499999999999986,
          -100.5
        ],
        [
          -36.49999999999999,
          -105.5
        ],
        [
          -44.5,
          -94.5
        ]
      ]
    },
    {
      "name": "in_between",
      "center": [
        38.0,
        -99.5
      ],
      "n_in_disk": 698,
      "r_max_mm": 14.705441169852751,
      "train_rows": [
        36493,
        38503,
        39890,
        38104,
        39106,
        37106,
        37905,
        35304,
        36489,
        39305,
        35497,
        36707,
        36901,
        39702,
        37087,
        39093,
        37687,
        37091,
        36710,
        35689,
        36295,
        35490,
        39311,
        36103,
        37300,
        36096,
        37085,
        38911,
        37487,
        37890,
        37102,
        37112,
        35302,
        36299,
        36507,
        38110,
        40501,
        35500,
        35701,
        35100,
        36700,
        36298,
        35910,
        38085,
        36886
      ],
      "test_rows": [
        37888,
        37906,
        38499,
        39307,
        35498
      ],