{
  "val_data_mse": 0.007231074160087448,
  "final_val_data": 0.24971049255703281,
  "data_dropped": false,
  "epochs_run": 68,
  "eval": {
    "unseen_spatial": {
      "median": 1.2376812823868795,
      "mean": 2.682377835448629,
      "n": 10,
      "per_point": [
        1.5371258502088054,
        1.1279248093011989,
        1.125270619520846,
        1.2302474639919725,
        1.251403576214037,
        1.5897124326777978,
        1.0827856025004565,
        1.1639242956373896,
        1.2451151007817867,
        15.470268603652
      ]
    },
    "seen_temporal": {
      "median": 0.13680092959588053,
      "mean": 0.818161242716522,
      "n": 40,
      "per_point": [
        0.17443076239314106,
        0.14718034597028323,
        0.12304259546367512,
        0.12363373839598744,
        0.09000542713303102,
        0.15400852741592355,
        0.12617796948466578,
        0.13916781513761595,
        0.07215272469617086,
        0.11631363919560986,
        0.12556546912034525,
        0.12211639567529291,
        0.05321827538378545,
        0.05102998254030967,
        0.07757708458763939,
        0.1336868062225929,
        0.07905838146407373,
        0.11251381831555764,
        0.06704742051964659,
        0.06180929799655269,
        0.14200396882361632,
        0.09657276040007327,
        0.10551407908739084,
        0.17599074452482893,
        0.22082881165503163,
        0.08895066180183728,
        0.1344340440541451,
        0.21838135387777663,
        0.23220387388067557,
        0.17886321143316455,
        0.16443794647551105,
        0.1968140828517479,
        0.18455236757307414,
        0.22798138155918468,
        0.2131275450859897,
        0.42930599891396576,
        0.48090404370596745,
        7.936055311550214,
        7.410846466021465,
        11.73894457827332
      ]
    }
  }
}