{"train_data": [9.843978111862166, 0.952855080797811, 0.791350406426453, 0.5864326624321018, 0.326388345731632, 0.19569516964469197, 0.12014946627581845, 0.0831427759010124, 0.07012998855738983, 0.04975119810284546, 0.04817492054348043, 0.03689861680090965, 0.03482028054203464, 0.03065254964220978, 0.028136664387277042, 0.022108359106673612, 0.01923815428495743, 0.019799100081450437, 0.016181424596574567, 0.017536564693186214, 0.015331948012069762, 0.014544816476955623, 0.0128616811329588, 0.012631097891681441, 0.011362967412718524, 0.009751187030540131, 0.009335459935047578, 0.006941805951261157, 0.006262027717032901, 0.006485903597681271, 0.005589088655979769, 0.005014774539453899, 0.005075739565258428, 0.0046409943512642, 0.00519800644167853, 0.00527814901817822, 0.003746941488022335, 0.0034234300021631263, 0.004642409797347555, 0.0035653274840153123, 0.0029677930518274757, 0.0037357034392282817, 0.004280106556142003, 0.0037420826117241512, 0.003307307164463064, 0.004120476729398332, 0.0036331898709019614, 0.0033534498403329214, 0.0033229849764422736, 0.0035706212414017263, 0.0038658188458232244, 0.003697380353950356, 0.00402576556262993, 0.003133800212849649, 0.002971809975791243], "train_wave": [11244.186140627102, 5824.538673983461, 4487.288699609622, 6096.176705065502, 6501.7126001164615, 6118.866761578679, 5478.395741312388, 5107.15579606374, 4755.8031225271925, 4388.797409827866, 4098.09857887312, 3931.696531342918, 2305.217308110943, 1743.4413705150196, 1256.189347370326, 1003.5946249506319, 759.8552994536577, 628.9685505726991, 542.1415604881627, 489.3166946663596, 395.7596666955191, 380.2517101836902, 311.54285309913803, 284.98113386715, 249.1342833484115, 222.115002076557, 200.31312569761184, 193.42109849523004, 183.8093711759247, 159.22918239551677, 144.57929836578683, 138.22448627265385, 140.13123992291082, 135.19558912460855, 127.40739921452106, 138.9921643810064, 116.79474928049109, 108.45796684522423, 101.95227536809388, 102.80044383455396, 83.6304433420085, 86.38977258881087, 97.75216487625804, 101.07393898567783, 82.01505302443042, 89.86265626872397, 87.12014733977949, 90.78590892583264, 72.9256348648365, 77.54233780168356, 79.63521633513705, 66.95459363944127, 67.62223361239694, 63.6303376270543, 60.57246160440463], "train_gauge": [0.8823772470362667, 0.3120092005743986, 0.2664976426908773, 0.42206205205288744, 0.3940518613402417, 0.35034195637690796, 0.29616167854072206, 0.284889579684171, 0.24945325452680203, 0.25464151607586244, 0.23077950449514878, 0.21038849729015568, 0.10121333835786027, 0.0669354942534321, 0.05261967858174903, 0.03929615913808068, 0.03400501616216816, 0.028298449781690237, 0.02498582505129078, 0.022483257768068716, 0.019413328037779218, 0.01607357877970038, 0.015226673571708314, 0.013409612300122796, 0.013483730522547381, 0.011187610319907471, 0.008139606723814974, 0.007880446384152525, 0.007640186803369923, 0.007772154902690754, 0.006905848183633724, 0.0062508920621312716, 0.007088518139239481, 0.005408391684552142, 0.005852617805765143, 0.006346941002725875, 0.005250802467137792, 0.004845738413697285, 0.004618307826375697, 0.0041773467738952744, 0.004244541907261552, 0.004946776372428751, 0.004099442655137062, 0.004378463646291634, 0.003680651859633307, 0.004310496301694956, 0.003977656915465625, 0.0036232798603254585, 0.0035405281088328653, 0.0042301013697347775, 0.004829534359578639, 0.003630818043426153, 0.003995249122956774, 0.0033922909311959334, 0.0039803471026593285], "train_ic": [0.010064692649914993, 0.009298282090077825, 0.007304631464437746, 0.005916056490325965, 0.004794252380245683, 0.004346258496261278, 0.0034913733139393687, 0.0038816050063311884, 0.0032646988762942836, 0.0029584040410675617, 0.002770751152002626, 0.002805621941537355, 0.0015323039050147026, 0.0014851672335307645, 0.0010579604238968128, 0.0006843766740238851, 0.0007106417155091529, 0.0005724378268068928, 0.0003977217950659344, 0.000328249287478514, 0.0002485237275194513, 0.0002016067936608387, 0.00020040824547006356, 0.0001222993012833176, 0.00012443534561279603, 0.00010211794671264592, 6.865354051441221e-05, 5.306375665474282e-05, 6.556691189461927e-05, 5.0487372835697516e-05, 4.488372203007987e-05, 5.2447791121370936e-05, 5.131668175945103e-05, 5.89608112498507e-05, 3.855616073364391e-05, 3.461046743675335e-05, 3.587401565472704e-05, 3.185968031368781e-05, 3.442070783950228e-05, 3.1076538902589395e-05, 3.1297752354073066e-05, 3.831672867993252e-05, 2.8520650543806268e-05, 2.832005537735126e-05, 2.635834134274884e-05, 4.395073558868798e-05, 2.771307130689079e-05, 2.6159367595010588e-05, 2.5973506438121166e-05, 2.412302118959449e-05, 4.6882313203069995e-05, 3.065322063228085e-05, 3.293530134092679e-05, 2.493296621765855e-05, 2.0149485737297288e-05], "train_total": [9.843978111862166, 0.952855080797811, 0.791350406426453, 0.5864326624321018, 0.326388345731632, 0.19569516964469197, 0.12014946627581845, 0.0831427759010124, 0.07012998855738983, 0.04975119810284546, 0.04817492054348043, 0.03689861680090965, 0.06289996927502718, 0.05204335542947265, 0.04461704530038691, 0.036705390967090114, 0.03159678025825206, 0.03124767313131086, 0.02679928017241478, 0.02788037288559709, 0.024198717349389574, 0.023782481893246186, 0.020825587831464425, 0.020617262777135312, 0.01828176417662134, 0.01616790520184217, 0.015328054775722312, 0.01270858295751871, 0.011754117284148784, 0.011105506214985522, 0.00994296710882451, 0.009403160902569402, 0.009595948285486048, 0.008869496381094504, 0.00905480398146945, 0.009597566641136089, 0.0073969031921485625, 0.006922418630842491, 0.007833871745222352, 0.006810341943914316, 0.005685628958463595, 0.006572959061245042, 0.007834660155290144, 0.0073216511562992845, 0.006322926792468795, 0.007441342811604282, 0.00677328501797, 0.006564096342539287, 0.006061463866969166, 0.0066969083671321854, 0.007105078265822863, 0.006332313670155734, 0.006841401157207576, 0.005741282699065802, 0.0055064657099772735], "val_data": [1.0655500848696116, 0.8302008008403859, 0.7033183817815503, 0.4452128493254901, 0.2513394431789693, 0.1805732174470427, 0.13116142409294135, 0.09898014410664908, 0.07997034771377358, 0.05691859851990829, 0.04985843560683135, 0.04912039075132297, 0.04278394145767869, 0.04517793494781336, 0.033631879917416826, 0.027401173385175944, 0.0253169359993117, 0.02289021114249709, 0.019375469052169983, 0.021610020601723696, 0.018472264701691565, 0.017586894242495082, 0.01695562821359477, 0.012966670387395353, 0.014663902057456097, 0.011878339567130766, 0.008698847388307979, 0.008540005539997038, 0.007479419002355696, 0.007300582967842063, 0.00745710750378271, 0.0066497574473956406, 0.00599383717525837, 0.005421999513554854, 0.006520794435270709, 0.004954515583157334, 0.004310861492086212, 0.004746320785077816, 0.004795170353573895, 0.0034616128110001084, 0.00439698692744351, 0.0054478787360172825, 0.004337068088093927, 0.0038951556784618258, 0.005204585112575347, 0.004717495737756919, 0.0037061702405362883, 0.0039011389351694577, 0.00436851332265854, 0.0037977328634202037, 0.004573460186077138, 0.004474404551398279, 0.00402544793930185, 0.0036494808215023753, 0.003246541689165272],