{
  "median": 0.09748103158747111,
  "mean": 0.09069507583226902,
  "per_point": [
    0.05988161706575471,
    0.060154275489934246,
    0.08382577793206192,
    0.09990631913667962,
    0.08292509727169063,
    0.10115426599001662,
    0.11107082012332986,
    0.09737132703804582,
    0.0975907361368964,
    0.11307052213828025
  ]
}