{
  "keep": 0.01,
  "pct": 1.0,
  "epochs": 50,
  "seed": 42,
  "rho": 85.48128519748786,
  "L": 85.48128519748786,
  "train_rows": 24388,
  "seen": {
    "median": 25.384665291661957,
    "mean": 155.33167089727516,
    "n": 135
  },
  "neighborhood": {
    "median": 40.985598408707666,
    "mean": 61.83189662428083,
    "n": 15,
    "per_point": [
      5.21534114049197,
      5.008019751385512,
      1.2080399361010388,
      4.434906257160317,
      5.936699004985763,
      13.064931280610597,
      40.985598408707666,
      39.045255270556275,
      42.99526051562766,
      48.72389750990565,
      92.04656886926819,
      136.23970883872215,
      113.02822409905538,
      142.53289101215682,
      237.01310746947738
    ]
  },
  "far": {
    "median": 28.50298178736411,
    "mean": 907.6527174871537,
    "n": 10,
    "per_point": [
      32.00832817713914,
      10.35731749841233,
      24.99763539758908,
      8.139179644435176,
      10.995293555475897,
      13.211373302846523,
      56.484170213731076,
      884.826790620781,
      2441.5203735047335,
      5593.986712956393
    ]
  },
  "per_neighborhood": {
    "near_source": {
      "seen_median": 4.703645878890574,
      "neighborhood_median": 5.008019751385512
    },
    "in_between": {
      "seen_median": 25.384665291661957,
      "neighborhood_median": 40.985598408707666
    },
    "near_boundary": {
      "seen_median": 298.6535551402798,
      "neighborhood_median": 136.23970883872215
    }
  }
}