{
  "keep": 0.05,
  "pct": 5.0,
  "epochs": 50,
  "seed": 42,
  "rho": 85.64538744652516,
  "L": 85.64538744652516,
  "train_rows": 121197,
  "seen": {
    "median": 3.318043783036887,
    "mean": 18.391676834601277,
    "n": 135
  },
  "neighborhood": {
    "median": 5.382648391110874,
    "mean": 8.003702037506475,
    "n": 15,
    "per_point": [
      1.3024539723030126,
      1.016098382159205,
      1.0066366184503235,
      1.07656213517783,
      1.233402408557825,
      1.9277939897703062,
      5.382648391110874,
      4.9543446606858765,
      5.9771790294293075,
      5.674441698861013,
      14.028303020655217,
      13.927605486255874,
      13.432263336600494,
      18.58659087580294,
      30.529206556777012
    ]
  },
  "far": {
    "median": 4.434697299889656,
    "mean": 108.95645192719618,
    "n": 10,
    "per_point": [
      4.491849398144282,
      1.8807355346463597,
      4.37754520163503,
      1.4300401297324463,
      1.6246425893670648,
      1.9787323201926765,
      7.177206719246444,
      102.80093593506176,
      316.4542474254286,
      647.3485840185072
    ]
  },
  "per_neighborhood": {
    "near_source": {
      "seen_median": 1.0601193790586694,
      "neighborhood_median": 1.07656213517783
    },
    "in_between": {
      "seen_median": 3.318043783036887,
      "neighborhood_median": 5.382648391110874
    },
    "near_boundary": {
      "seen_median": 31.354453641337155,
      "neighborhood_median": 14.028303020655217
    }
  }
}