{
  "val_data_mse": 0.019806863017284706,
  "epochs_run": 52,
  "eval": {
    "unseen_spatial": {
      "median": 1.2740619402092714,
      "mean": 4.843749511599354,
      "n": 10,
      "per_point": [
        2.094116943663889,
        1.186128650865092,
        1.1716492734278972,
        1.255835088348831,
        1.2922887920697117,
        1.7804255836823373,
        1.0159672799296862,
        1.1482285606462546,
        2.1552230203264657,
        35.33763192303338
      ]
    },
    "seen_temporal": {
      "median": 0.2734016311931164,
      "mean": 2.033143821772152,
      "n": 40,
      "per_point": [
        0.32857785330642353,
        0.2719728081177464,
        0.20988547188363837,
        0.20449571060613947,
        0.1721167586100434,
        0.2896436580235285,
        0.20330419146272694,
        0.23822567555869287,
        0.10190952557400935,
        0.21638185587312997,
        0.292038067108345,
        0.20843598473958347,
        0.09493213800869349,
        0.08859281934723287,
        0.09890804470613554,
        0.27605293557237326,
        0.09201735737622355,
        0.19597771256221933,
        0.11114865112781053,
        0.09778984831034114,
        0.24245299489109726,
        0.15084913828868526,
        0.16088680516004664,
        0.3477603267607481,
        0.37607226280379724,
        0.16714864165241916,
        0.2748304542684864,
        0.3377564068883233,
        0.48975119374073234,
        0.3572041978351012,
        0.3520348832692613,
        0.4753033328607387,
        0.40964320013530725,
        0.4963252833005274,
        0.48109657792293364,
        1.0284072741308976,
        1.0482356018966157,
        20.585116528996988,
        17.941300046911714,
        31.811170651296614
      ]
    }
  }
}