{
  "mode": "spatial",
  "held": [
    2,
    10,
    55,
    81,
    155,
    176,
    192,
    196,
    218,
    227,
    238,
    250,
    264,
    290,
    291,
    320,
    321,
    394,
    429,
    482,
    524,
    546,
    580,
    598
  ],
  "phys_off_median": 1.2772842937980942,
  "phys_on_median": 1.1361571005128792,
  "phys_off_mean": 1.7005367536504707,
  "phys_on_mean": 1.6989604510302874
}