{"train_data": [3.8296831141359506, 0.999851590160449, 0.8119179725723112, 0.5545518954765178, 0.31800575613756216, 0.20439303743711448, 0.14364854353505446, 0.11240862850962324, 0.08955660463538823, 0.074674526852672, 0.06428381178255764, 0.05539975471391596, 0.05657540618501021, 0.0521908818651926, 0.046809526071963765, 0.04272661293164001, 0.039141385838194806, 0.035993364557679305, 0.033293994262910034, 0.030892546013008882, 0.029788801217450398, 0.026904484190209035, 0.025502878308098893, 0.02466420804637825, 0.023022216431327437, 0.021500690536210242, 0.020181922814218566, 0.019143224282926165, 0.018171173449690294, 0.01731777425108389, 0.016087089761256324, 0.015426879358815591, 0.014466648661525633, 0.014564020239591411, 0.013203640149200058, 0.01280177733245107, 0.012403513767143657, 0.012344997742424467, 0.01159195918082655, 0.011526271258961307, 0.011401185114676924, 0.010701582126213015, 0.010706236094024267, 0.010289517110091703, 0.010061640370686721, 0.010292467084295888, 0.00970375683757471, 0.009439259551060295, 0.010124260131464198, 0.009461489889731787, 0.00954679871463536, 0.00930435378506565, 0.008903651969557148, 0.008737450892395674, 0.008527219566324625, 0.008530498458373014, 0.008693125171884248, 0.008741576178448446, 0.008291048388441257, 0.00811841785315428, 0.00852595986926015, 0.008594802640233053, 0.00878035551060942, 0.00866223031286896, 0.008519183112404034, 0.008659931347703684, 0.00845504661603467, 0.008714057129332438, 0.00870301325364666, 0.00853543018667136], "train_wave": [3078.1179266456306, 4036.2683119864423, 10907.039754004987, 16824.861292153622, 17797.79785667306, 19295.42406383178, 20438.049828371397, 20346.334087961754, 20683.618676694776, 21466.667266341065, 21600.308576937015, 21736.16352988506, 14804.034432754564, 13209.590855574963, 11617.495149329177, 11058.372589287821, 9942.374184320235, 9204.185553198966, 8802.893903900615, 8379.407755006376, 7594.647364258662, 7203.149340521699, 6429.30659402955, 6263.682133436616, 5764.601927579059, 5564.651653909887, 5309.47359263011, 4778.458705545362, 4809.8227606337805, 4795.107974039157, 4483.574733516552, 4307.91085325482, 4153.428990230804, 3979.1090130800935, 3973.092607158912, 3936.9318273479093, 3777.0389511650988, 3795.6660385374817, 3512.7932628134095, 3567.7269790384166, 3516.680913335177, 3378.8819750618104, 3402.5083271532903, 3269.799406706008, 3318.582654996302, 3398.3434706083954, 3136.412553286591, 3164.154244974932, 3153.237537717955, 3126.9273752233184, 3003.9018594056643, 3055.6448914801845, 3111.656049587169, 3143.937850184302, 3016.541474092626, 3012.403683452396, 3161.0997086808475, 2937.330132225617, 3026.7852434960287, 2933.2690987732303, 2815.852998842177, 2805.5242745544556, 2772.612855244897, 2873.0093506639487, 2768.781772280593, 2645.5271426125673, 2711.9086673511747, 2564.0478323860316, 2533.9123156057767, 2580.5227954723055], "train_gauge": [0.1256118537318758, 0.180454391638731, 0.4756724762972032, 0.7232500939452163, 0.7540065628381452, 0.8058513301486185, 0.8308791323035242, 0.8333379609433753, 0.7833703669247355, 0.7876020090727928, 0.7610112889623972, 0.7792668835613374, 0.47943784837472736, 0.4111332218202137, 0.3490866064889476, 0.3116844014193896, 0.2930743277618484, 0.2814984128715449, 0.255666472622823, 0.24601792669934933, 0.23986308642714005, 0.21612246169397076, 0.1867259932155131, 0.1944903224901891, 0.17489612214617312, 0.1721588452075048, 0.1772452147380671, 0.15126296535158026, 0.15966035878812174, 0.14895973157463516, 0.15324254010241806, 0.14615468466688228, 0.15481326543741566, 0.1480010758017506, 0.1483396504544908, 0.13895425878444304, 0.14998732456963118, 0.14157329540829913, 0.14095182001495082, 0.14364535449446864, 0.14004007556349707, 0.14112426539592188, 0.14328082692164762, 0.1261991911136691, 0.13726188649120524, 0.1369681565377315, 0.12839879592434866, 0.11621831905052016, 0.12203067506619114, 0.13049449881293307, 0.13299237707286637, 0.12007784454712667, 0.12350645219155426, 0.1264300306887628, 0.12206793732519147, 0.1256560358349112, 0.12441848588216552, 0.12094229555870584, 0.11165491687717694, 0.11722378885027931, 0.1232839945328429, 0.12059393163445734, 0.11293755453287359, 0.11024873494075163, 0.10391162946015878, 0.11106882533856272, 0.12162928027970255, 0.1122787990764922, 0.11263060083460777, 0.12232466776356891], "train_ic": [0.002371408028464576, 0.0036470894136423886, 0.004964195929275987, 0.004891199293130261, 0.003832363456397412, 0.0036869147385586616, 0.0031240126814965703, 0.002979100955918401, 0.0026920202586511502, 0.002653636321841862, 0.0026455784326525093, 0.0027680635354097186, 0.0007670881044495586, 0.0005698562177671378, 0.0005048091965385986, 0.0005201039402725294, 0.0004888056713905779, 0.0003996996008098264, 0.00041849239550480335, 0.0004252612169900696, 0.00042519432435051324, 0.0003594456449323117, 0.0003496574131522188, 0.0003918822444956394, 0.00035563798760603396, 0.0003603325839624402, 0.0003739326039233913, 0.0003344075281475341, 0.0003270441792391258, 0.0003101500095888806, 0.0003026073230020437, 0.0003109025289037247, 0.000276117940037818, 0.00029760558883734617, 0.00027344341649140913, 0.00028337360362540526, 0.00028831836388321753, 0.0002776188962522011, 0.00028524618276462566, 0.0003139766398954432, 0.000257536459865624, 0.00029578501718420275, 0.0002668862444587571, 0.00027870521423092653, 0.00025752131973610687, 0.0002828889022669236, 0.00026329702806338995, 0.0002566931121078202, 0.0002671836652675169, 0.00027629490242800386, 0.0002711807250942588, 0.0002690649504946661, 0.0002683115293337209, 0.00025695350113732454, 0.0002780941101761073, 0.0002575794276213401, 0.00028177223032973815, 0.000276292358569016, 0.0002680047558747502, 0.00028554715295058144, 0.000254318804772475, 0.00025210494283982445, 0.00026147663097241165, 0.00026414453131688465, 0.0002484209528097089, 0.0002912035957640889, 0.0002911502522916764, 0.00025971008077207817, 0.0002722299727231132, 0.00026243367646242293], "train_total": [3.8296831141359506, 0.999851590160449, 0.8119179725723112, 0.5545518954765178, 0.31800575613756216, 0.20439303743711448, 0.14364854353505446, 0.11240862850962324, 0.08955660463538823, 0.074674526852672, 0.06428381178255764, 0.05539975471391596, 0.08255080545458826, 0.07614843449122957, 0.0687106697712185, 0.06422020442142629, 0.05906612108307906, 0.054921334349752854, 0.05204338807344482, 0.04926233397029965, 0.046896488955360464, 0.043235911648653855, 0.04003807867221087, 0.03916857149014448, 0.03655813949428419, 0.03502834804226078, 0.03309899080919012, 0.030957060342716745, 0.030491905909515622, 0.02994741670087795, 0.027921427295934238, 0.026875916215761332, 0.0254839725308946, 0.025574951181734362, 0.024084258051463685, 0.023202034003183054, 0.022379817141833416, 0.02249708328071971, 0.02114299647802185, 0.02135327353032765, 0.021217032609353495, 0.02024792448129343, 0.02034415681669057, 0.01940282772257553, 0.01929753157394275, 0.019792178618149865, 0.018629209892716485, 0.01834869092205564, 0.01925321312656695, 0.01843238120207215, 0.0182330847314473, 0.018381285701460453, 0.01812629827949545, 0.018012293788951656, 0.017279018118363056, 0.01737993740717403, 0.018058391932482883, 0.017543521530802658, 0.017286463858123248, 0.016748714915742556, 0.017340591487571888, 0.01741881146973518, 0.01801234742170879, 0.01867440802871806, 0.018287641766820417, 0.017899462821882737, 0.018356134729378727, 0.018029309630554078, 0.018030504238828293, 0.018332835968218865],