{
  "median": 1.1361571005128792,
  "mean": 1.6989604510302874,
  "per_point": [
    1.2208049470026259,
    1.456841119223326,
    1.8159265131923157,
    1.0405758236476619,
    0.8551268141156019,
    1.0934218607387547,
    0.9319850990743845,
    1.2100193616533619,
    1.1294649944576203,
    1.060285339623205,
    1.1217665056054749,
    1.0878550736168244,
    0.8963482008127879,
    1.1675479743344255,
    1.1529119275819746,
    0.9915855854154952,
    1.1428492065681384,
    1.173394659899668,
    1.100015705404441,
    1.0160501651031106,
    1.2820518480873422,
    1.2377455409923308,
    3.1056355846606065,
    12.484840973915421
  ]
}