{"train_data": [3.7213914846993714, 0.8088883353053646, 0.5258856325714164, 0.23134667319790994, 0.10650888771875318, 0.06330354110035834, 0.04127452565581765, 0.03058318299137415, 0.03015738086066738, 0.022314029572144733, 0.018773645803464644, 0.014770168494580684, 0.012954780713268482, 0.014843475611819161, 0.009871174725957181, 0.00851502175803492, 0.007469531686589938, 0.005813320672814151, 0.003979676486602537, 0.0018998705863136497, 0.0014697868876370223, 0.0015838967814560138, 0.0017486635368916057, 0.001825104743693793, 0.0019692122486252173, 0.0036289032794266903, 0.001406871238268067, 0.0008671787360685599, 0.0007509192848593033, 0.003418531191636355, 0.0018255739704459734, 0.0008908307930219993, 0.0006417391662999292, 0.0011724351093574887, 0.000894419539593572, 0.0006658793548743092, 0.0006779137948329984, 0.001490657676746323, 0.0011649488695369035, 0.0017797577946547063, 0.0009154625535477343, 0.0007169165282395929, 0.0006242356171638758, 0.0007781229707415203, 0.0014216265658924506, 0.003056864681922897, 0.0017864967798702925, 0.0006574089708946397, 0.00040276009978256985, 0.00032709027083154874, 0.0002915976379657911, 0.0008279544385478753, 0.0011784376274289337, 0.0006249997690332121, 0.00042367203852161254, 0.00034982736146476424, 0.001907017206481359, 0.0017434106906021602, 0.0006466792668428897, 0.00036507119056351876, 0.00032413492774132637, 0.00039907712545434235, 0.000571063884372877, 0.0017197582060113701, 0.0015480405733016673, 0.0005983420765598215, 0.0003515700387656499, 0.00028712067964551036, 0.0002842715685011308, 0.00035036931022985424], "train_wave": [1841.688006504499, 2221.8764076248635, 4602.736702957818, 4252.89099552747, 3841.4062671988368, 3426.1792903966093, 3214.485535001828, 2940.0176140024237, 2852.5345226665495, 2818.5436614303726, 2693.2574362974874, 2481.8287031555215, 2431.263360024584, 2323.9088462099103, 2229.865675990083, 2179.560311484409, 2131.464809060923, 2005.7949866021663, 2045.9707810014659, 2044.0922086377705, 2012.8415138231458, 2051.3814238294044, 1991.0293050823175, 2016.653947028333, 2120.524939137772, 1994.5880540775893, 1951.7209113123747, 1954.8719593566834, 1954.8044552460653, 1973.9873839273444, 1906.4461638430203, 1932.2996710123023, 1903.8623044845513, 1913.7687408573845, 1903.4712553586185, 1900.7956262656558, 1901.3656083193812, 1914.2464324699727, 1911.6129011806656, 1881.131398477577, 1886.9783577952655, 1843.8928754893088, 1835.9240208142267, 1832.2074202525334, 1844.2843006444234, 1845.5322572325942, 1805.3103380773243, 1799.7105589511445, 1809.3346228817495, 1808.6352267619, 1812.245126481368, 1758.3608780947714, 1810.6158933418467, 1808.3537250389738, 1790.6399938582078, 1824.9692758786887, 1827.5418706498403, 1772.5583970958417, 1752.4807733511088, 1762.7354950384522, 1787.3285001367954, 1751.7477721308428, 1722.696927738738, 1841.383818145891, 1729.4072038000777, 1760.7639884712585, 1742.5073450285017, 1724.4165178412507, 1733.0246898477983, 1701.743507857294], "train_gauge": [0.25595797644183477, 0.2669018757682291, 0.5057016349045679, 0.47931437390663634, 0.39268162538734763, 0.37787830167599773, 0.34767796474439305, 0.3089267096857977, 0.3007621703637473, 0.2688466072321306, 0.26320811107884273, 0.24209911648852372, 0.22848445285090815, 0.21594424715390836, 0.202014252991551, 0.1892227867407035, 0.18061305624206778, 0.1703696197012769, 0.17334245700815504, 0.17205650265783518, 0.1689013678382431, 0.1723851938805129, 0.16728789786543563, 0.16630328258988147, 0.17154531862968653, 0.16269475680301088, 0.15788165500312235, 0.1558806077471399, 0.15618818318416064, 0.1598980764207878, 0.15133684818390164, 0.15231355102699234, 0.14919580992176928, 0.15119104880356515, 0.14973909973203445, 0.14760246745607233, 0.14706125312432894, 0.14745105911100564, 0.14614810117289312, 0.14308083292810986, 0.1428670659601573, 0.14064912913663505, 0.13900938454103126, 0.1388574984676097, 0.13813014797041756, 0.13979027230079558, 0.1320326249795243, 0.13211926838308796, 0.13100328584415766, 0.13133999720246625, 0.13131416964830384, 0.12939856829316804, 0.13208321469559298, 0.12998647832472943, 0.12883077484638591, 0.13062038389910705, 0.1322435469797094, 0.12819728682125053, 0.1241405210297257, 0.12466011274264888, 0.12623541192301235, 0.12400493218432361, 0.12108867560483327, 0.1301283701002669, 0.12146932107498387, 0.12024198981074763, 0.11904191812295047, 0.11869059203547436, 0.11859540842976533, 0.1178673132411935], "train_ic": [0.010078641612653132, 0.018657393305293965, 0.01993431916661602, 0.017584744284624317, 0.016509280586961498, 0.015163996940140749, 0.014195367704020188, 0.011293912975902296, 0.012285435652223156, 0.00964889525913473, 0.008821528340999772, 0.008097206339138987, 0.007425482477877096, 0.006987624141056772, 0.0059567802303006475, 0.0063600227200997506, 0.005721261970227105, 0.0052854811119551265, 0.00485785999554112, 0.00471303154905661, 0.0046936359988771995, 0.004670045169041138, 0.004643078804881327, 0.004508952457144052, 0.004354278413388417, 0.0043210833596360205, 0.004178810102228394, 0.0041362800495257325, 0.004077754227090845, 0.004134366654178361, 0.004013210786395121, 0.003875881062919493, 0.0038079659145720916, 0.00383869993390967, 0.0037424918361138393, 0.0036932704860965894, 0.0037179510321893724, 0.003745293083405477, 0.00360253803774033, 0.0036182364136198857, 0.0035647485454131634, 0.0034849716907306805, 0.0034437581052103525, 0.0034666288081092365, 0.0035986856964386645, 0.003517823017301866, 0.003327922088596028, 0.0032155267552730253, 0.003190015029216775, 0.0032216704119262096, 0.003184801541248769, 0.0031643361173592888, 0.003216529814147789, 0.0031603983633975135, 0.0030837889951025868, 0.0030420225029466224, 0.0031358330623683732, 0.003009243212070056, 0.0029416236659683707, 0.0029259220592942085, 0.0029136573703442423, 0.0029171247306052123, 0.002907641571400757, 0.0029100325803818987, 0.002805169429109168, 0.0027491815205708584, 0.002736143149674351, 0.0027585763879543136, 0.002773926056443186, 0.002705564478206075], "train_total": [3.7213914846993714, 0.8088883353053646, 0.5258856325714164, 0.23134667319790994, 0.10650888771875318, 0.06330354110035834, 0.04127452565581765, 0.03058318299137415, 0.03015738086066738, 0.022314029572144733, 0.018773645803464644, 0.014770168494580684, 0.012954780713268482, 0.014843475611819161, 0.009871174725957181, 0.00851502175803492, 0.007469531686589938, 0.005813320672814151, 0.003979676486602537, 0.0018998705863136497, 0.0014697868876370223, 0.0015838967814560138, 0.0017486635368916057, 0.001825104743693793, 0.0019692122486252173, 0.0036289032794266903, 0.001406871238268067, 0.0008671787360685599, 0.0007509192848593033, 0.003418531191636355, 0.0018255739704459734, 0.0008908307930219993, 0.0006417391662999292, 0.0011724351093574887, 0.000894419539593572, 0.0006658793548743092, 0.0006779137948329984, 0.001490657676746323, 0.0011649488695369035, 0.0017797577946547063, 0.0009154625535477343, 0.0007169165282395929, 0.0006242356171638758, 0.0007781229707415203, 0.0014216265658924506, 0.003056864681922897, 0.0017864967798702925, 0.0006574089708946397, 0.00040276009978256985, 0.00032709027083154874, 0.0002915976379657911, 0.0008279544385478753, 0.0011784376274289337, 0.0006249997690332121, 0.00042367203852161254, 0.00034982736146476424, 0.001907017206481359, 0.0017434106906021602, 0.0006466792668428897, 0.00036507119056351876, 0.00032413492774132637, 0.00039907712545434235, 0.000571063884372877, 0.0017197582060113701, 0.0015480405733016673, 0.0005983420765598215, 0.0003515700387656499, 0.00028712067964551036, 0.0002842715685011308, 0.00035036931022985424],