{
  "median": 1.4167430527819584,
  "mean": 1.4170066202850449,
  "per_point": [
    1.2613422943766048,
    1.2714820537002458,
    1.2494538861776436,
    1.2317512180165322,
    1.2942752371070618,
    1.3139432214321718,
    1.312792945228152,
    1.2933060672287306,
    1.2753061489896618,
    1.2297594835007462,
    1.3246131480430632,
    1.3730810098634856,
    1.4156422289510004,
    1.4187860544793247,
    1.358246194443497,
    1.3294311208290819,
    1.3072496133979368,
    1.3212873307318063,
    1.3840004078502461,
    1.4178438766129164,
    1.4721608145188023,
    1.4686388257142484,
    1.3788881930343415,
    1.3229803659523585,
    1.3301453303958484,
    1.3595708810378453,
    1.4640131488089188,
    1.5333953408014276,
    1.5371016006677052,
    1.5004781709793245,
    1.4207027259154708,
    1.385349087699128,
    1.3483512359486227,
    1.4596308694748437,
    1.5309363680624284,
    1.5922720250174738,
    1.5933335021105508,
    1.5310546734593098,
    1.4487172575069296,
    1.36688919213945,
    1.4534114607737334,
    1.5173507315149164,
    1.61416452777824,
    1.6405955910725996,
    1.5833995498899727,
    1.499481532638187,
    1.473061991002241,
    1.5451918106623943,
    1.5642377928962292,
    1.5312328758187839
  ]
}