{
  "keep": 0.25,
  "pct": 25.0,
  "epochs": 50,
  "seed": 42,
  "w_gauge": 1.0,
  "lz_mode": "physical",
  "Lz": 1.0,
  "rho": 93.72408215344265,
  "L": 93.72408215344265,
  "train_rows": 607078,
  "seen": {
    "median": 0.47627047571189457,
    "mean": 4.246290777204838,
    "n": 135
  },
  "neighborhood": {
    "median": 0.48542302794279507,
    "mean": 4.872968263829187,
    "n": 15,
    "per_point": [
      0.2258666984698246,
      0.2588552162920443,
      0.4190349437262061,
      0.3458929077430298,
      0.42236516701128723,
      0.6648806447027013,
      0.46505383708769765,
      0.4760259222758239,
      0.48542302794279507,
      0.5360680736396748,
      14.408261975174227,
      16.45477073788145,
      15.841243023509438,
      11.671973979442022,
      10.418807802539586
    ]
  },
  "far": {
    "median": 1.9155712706661956,
    "mean": 4.034368872460339,
    "n": 10,
    "per_point": [
      6.020160441365964,
      3.88645324600228,
      3.103860463864159,
      1.0928724067676299,
      0.984829987245506,
      1.056784192418922,
      1.146437808136299,
      1.782360640162341,
      2.04878190117005,
      19.22114763747025
    ]
  },
  "per_neighborhood": {
    "near_source": {
      "seen_median": 0.1139074286993891,
      "neighborhood_median": 0.3458929077430298
    },
    "in_between": {
      "seen_median": 0.47627047571189457,
      "neighborhood_median": 0.48542302794279507
    },
    "near_boundary": {
      "seen_median": 11.843819383834179,
      "neighborhood_median": 14.408261975174227
    }
  }
}