{
  "keep": 0.2,
  "pct": 20.0,
  "epochs": 50,
  "seed": 42,
  "rho": 85.56857056617017,
  "L": 85.56857056617017,
  "train_rows": 485350,
  "seen": {
    "median": 0.4112691541451714,
    "mean": 1.2582211945980188,
    "n": 135
  },
  "neighborhood": {
    "median": 1.3057336259560581,
    "mean": 1.3387723821606756,
    "n": 15,
    "per_point": [
      1.4821599208303364,
      1.023342345434574,
      0.963695929680382,
      1.0514210850177919,
      1.1383573295798952,
      0.7730834154039767,
      0.940197266700204,
      1.0672323056746802,
      1.3057336259560581,
      1.456690959536184,
      1.4217929120795263,
      1.4974459341226654,
      1.5682019927578583,
      2.2225935016155143,
      2.169637208020487
    ]
  },
  "far": {
    "median": 2.4359102821051652,
    "mean": 8.061313236834327,
    "n": 10,
    "per_point": [
      4.526659249835508,
      1.6908085121347491,
      3.1810120520755816,
      1.0763516859450535,
      1.0866485973042448,
      1.0468310238860379,
      1.2371855717784872,
      6.040572106987356,
      18.64915502770646,
      42.07790854068977
    ]
  },
  "per_neighborhood": {
    "near_source": {
      "seen_median": 0.13574413780285358,
      "neighborhood_median": 1.0514210850177919
    },
    "in_between": {
      "seen_median": 0.4112691541451714,
      "neighborhood_median": 1.0672323056746802
    },
    "near_boundary": {
      "seen_median": 2.1472303452556387,
      "neighborhood_median": 1.5682019927578583
    }
  }
}