{
  "keep": 0.25,
  "pct": 25.0,
  "epochs": 50,
  "seed": 42,
  "w_gauge": 1.0,
  "rho": 85.52687738236612,
  "L": 85.52687738236612,
  "train_rows": 607132,
  "seen": {
    "median": 0.2537402832304384,
    "mean": 0.6252096328453282,
    "n": 135
  },
  "neighborhood": {
    "median": 1.0486883935920694,
    "mean": 1.0618804125318335,
    "n": 15,
    "per_point": [
      1.557681509216129,
      1.028656350353478,
      0.9690028437773244,
      1.0429113156832623,
      1.0486883935920694,
      0.8212554456577393,
      0.8276122970727299,
      0.7962751116945084,
      1.2282136886626545,
      1.1961516460648949,
      1.1466360635427333,
      1.0525554939802018,
      0.9281305628767321,
      1.1098712469716934,
      1.1745642188313536
    ]
  },
  "far": {
    "median": 2.2726886195928597,
    "mean": 4.182404519766213,
    "n": 10,
    "per_point": [
      5.4399017993130325,
      1.7699502271296537,
      4.087536770718871,
      1.0251695176968811,
      1.0290932009155023,
      1.137171973501316,
      1.0194196737015935,
      2.7754270120560656,
      7.151934113089233,
      16.38844090953998
    ]
  },
  "per_neighborhood": {
    "near_source": {
      "seen_median": 0.10129596868281142,
      "neighborhood_median": 1.0429113156832623
    },
    "in_between": {
      "seen_median": 0.2537402832304384,
      "neighborhood_median": 0.8276122970727299
    },
    "near_boundary": {
      "seen_median": 1.0946851295307047,
      "neighborhood_median": 1.1098712469716934
    }
  }
}