{
  "epochs_run": 640,
  "best_val": 0.0013386932517905682,
  "stopped_reason": "wall_limit_eval_from_ckpt",
  "eval": {
    "unseen_spatial": {
      "median": 0.08883443280209413,
      "mean": 0.09543710628968127,
      "n": 10,
      "per_point": [
        0.15805281848456706,
        0.049934270170629805,
        0.09580666288825619,
        0.07478074588573612,
        0.10989626286061173,
        0.1909857680438679,
        0.08186220271593207,
        0.09916523791703918,
        0.05604093706631383,
        0.03784615686385869
      ]
    },
    "seen_temporal": {
      "median": 0.045589525461303314,
      "mean": 0.12904084172827507,
      "n": 40,
      "per_point": [
        0.053281330754709706,
        0.0934125100847464,
        0.06621675943928504,
        0.03999979781444046,
        0.044741949907483806,
        0.028650172475161766,
        0.04796393098685244,
        0.06420424721039891,
        0.028470527929226976,
        0.03748980179401054,
        0.04881087282087472,
        0.03426355692997466,
        0.032874557656902836,
        0.03506617096132574,
        0.12889036710430846,
        0.03564517050316373,
        0.03698709656467668,
        0.03673491789132405,
        0.03106899433156653,
        0.04306134114248519,
        0.07451652436912122,
        0.03583166289645187,
        0.03270628665231417,
        0.11445110228610544,
        0.045258858798747664,
        0.05317368678816278,
        0.04592019212385896,
        0.0556814849644069,
        0.03747448545275792,
        0.0314296875318573,
        0.043983049447002084,
        0.043165790861196617,
        0.050153943988549436,
        0.07397400054896944,
        0.5646364464214392,
        0.12041233135700422,
        0.4870827382446927,
        0.18272523173693495,
        0.4587763957977651,
        1.6424456945607457
      ]
    }
  }
}