{
  "levels": [
    {
      "keep": 0.01,
      "pct": 1.0,
      "epochs": 50,
      "seed": 42,
      "rho": 85.48128519748786,
      "L": 85.48128519748786,
      "train_rows": 24388,
      "seen": {
        "median": 25.384665291661957,
        "mean": 155.33167089727516,
        "n": 135
      },
      "neighborhood": {
        "median": 40.985598408707666,
        "mean": 61.83189662428083,
        "n": 15,
        "per_point": [
          5.21534114049197,
          5.008019751385512,
          1.2080399361010388,
          4.434906257160317,
          5.936699004985763,
          13.064931280610597,
          40.985598408707666,
          39.045255270556275,
          42.99526051562766,
          48.72389750990565,
          92.04656886926819,
          136.23970883872215,
          113.02822409905538,
          142.53289101215682,
          237.01310746947738
        ]
      },
      "far": {
        "median": 28.50298178736411,
        "mean": 907.6527174871537,
        "n": 10,
        "per_point": [
          32.00832817713914,
          10.35731749841233,
          24.99763539758908,
          8.139179644435176,
          10.995293555475897,
          13.211373302846523,
          56.484170213731076,
          884.826790620781,
          2441.5203735047335,
          5593.986712956393
        ]
      },
      "per_neighborhood": {
        "near_source": {
          "seen_median": 4.703645878890574,
          "neighborhood_median": 5.008019751385512
        },
        "in_between": {
          "seen_median": 25.384665291661957,
          "neighborhood_median": 40.985598408707666
        },
        "near_boundary": {
          "seen_median": 298.6535551402798,
          "neighborhood_median": 136.23970883872215
        }
      }
    },
    {
      "keep": 0.05,
      "pct": 5.0,
      "epochs": 50,
      "seed": 42,
      "rho": 85.64538744652516,
      "L": 85.64538744652516,
      "train_rows": 121197,
      "seen": {
        "median": 3.318043783036887,
        "mean": 18.391676834601277,
        "n": 135
      },
      "neighborhood": {
        "median": 5.382648391110874,
        "mean": 8.003702037506475,
        "n": 15,
        "per_point": [
          1.3024539723030126,
          1.016098382159205,
          1.0066366184503235,
          1.07656213517783,
          1.233402408557825,
          1.9277939897703062,
          5.382648391110874,
          4.9543446606858765,
          5.9771790294293075,
          5.674441698861013,
          14.028303020655217,
          13.927605486255874,
          13.432263336600494,
          18.58659087580294,
          30.529206556777012
        ]
      },
      "far": {
        "median": 4.434697299889656,
        "mean": 108.95645192719618,
        "n": 10,
        "per_point": [
          4.491849398144282,
          1.8807355346463597,
          4.37754520163503,
          1.4300401297324463,
          1.6246425893670648,
          1.9787323201926765,
          7.177206719246444,
          102.80093593506176,
          316.4542474254286,
          647.3485840185072
        ]
      },
      "per_neighborhood": {
        "near_source": {
          "seen_median": 1.0601193790586694,
          "neighborhood_median": 1.07656213517783
        },
        "in_between": {
          "seen_median": 3.318043783036887,
          "neighborhood_median": 5.382648391110874
        },
        "near_boundary": {
          "seen_median": 31.354453641337155,
          "neighborhood_median": 14.028303020655217
        }
      }
    },
    {
      "keep": 0.1,
      "pct": 10.0,
      "epochs": 50,
      "seed": 42,
      "rho": 85.51903022421783,
      "L": 85.51903022421783,
      "train_rows": 242576,
      "seen": {
        "median": 0.9480114527146288,
        "mean": 3.553738152850534,
        "n": 135
      },
      "neighborhood": {
        "median": 1.6084598432077986,
        "mean": 2.1517092971136607,
        "n": 15,
        "per_point": [
          1.4284225081727853,
          0.9525608552694004,
          0.97131065120824,
          1.0814692082217283,
          1.0488864143646874,
          0.9563824234241944,
          1.4725135507131748,
          1.6084598432077986,
          1.8123920807011809,
          1.9960351234365954,
          3.134716025921842,
          3.322009231804048,
          3.2218462757965405,
          3.392801076649497,
          5.875834187813191
        ]
      },
      "far": {
        "median": 2.91529341485876,
        "mean": 22.45991494899272,
        "n": 10,
        "per_point": [
          5.908603291422877,
          1.8698980229378934,
          3.960688806779627,
          1.230106447289701,
          1.066551148085699,
          1.2414140607834592,
          1.8123950853723827,
          17.210601905230526,
          61.85649838888314,
          128.4423923331419
        ]
      },
      "per_neighborhood": {
        "near_source": {
          "seen_median": 0.2585957746802624,
          "neighborhood_median": 1.0488864143646874
        },
        "in_between": {
          "seen_median": 0.9480114527146288,
          "neighborhood_median": 1.6084598432077986
        },
        "near_boundary": {
          "seen_median": 5.892346097031486,
          "neighborhood_median": 3.322009231804048
        }
      }
    },
    {
      "keep": 0.15,
      "pct": 15.0,
      "epochs": 50,
      "seed": 42,
      "rho": 85.56466610048274,
      "L": 85.56466610048274,
      "train_rows": 363673,
      "seen": {
        "median": 0.6993505863371532,
        "mean": 2.2869438858638866,
        "n": 135
      },
      "neighborhood": {
        "median": 1.1876473020432925,
        "mean": 1.6204489478125497,
        "n": 15,
        "per_point": [
          1.281671486170833,
          0.9157948136144594,
          0.9679121411736507,
          1.046664113827227,
          1.099935805292443,
          0.9430434911962766,
          1.1008666756621177,
          1.1876473020432925,
          1.121909990312278,
          1.5294485230134074,
          2.0510102843372255,
          1.9230524031681098,
          2.4056586780282365,
          3.0069359613322204,
          3.725182548016469
        ]
      },
      "far": {
        "median": 2.559774033554757,
        "mean": 15.802263737950835,
        "n": 10,
        "per_point": [
          5.605571697422084,
          1.5681965443938108,
          3.551351522715704,
          1.183073753632781,
          0.9995036786738283,
          1.1043716647804478,
          1.4516995013624134,
          11.08667821915993,
          36.861001016771475,
          94.6111897805959
        ]
      },
      "per_neighborhood": {
        "near_source": {
          "seen_median": 0.18246171347639303,
          "neighborhood_median": 1.046664113827227
        },
        "in_between": {
          "seen_median": 0.6993505863371532,
          "neighborhood_median": 1.121909990312278
        },
        "near_boundary": {
          "seen_median": 4.056700194872745,
          "neighborhood_median": 2.4056586780282365
        }
      }
    },
    {
      "keep": 0.2,
      "pct": 20.0,
      "epochs": 50,
      "seed": 42,
      "rho": 85.56857056617017,
      "L": 85.56857056617017,
      "train_rows": 485350,
      "seen": {
        "median": 0.4112691541451714,
        "mean": 1.2582211945980188,
        "n": 135
      },
      "neighborhood": {
        "median": 1.3057336259560581,
        "mean": 1.3387723821606756,
        "n": 15,
        "per_point": [
          1.4821599208303364,
          1.023342345434574,
          0.963695929680382,
          1.0514210850177919,
          1.1383573295798952,
          0.7730834154039767,
          0.940197266700204,
          1.0672323056746802,
          1.3057336259560581,
          1.456690959536184,
          1.4217929120795263,
          1.4974459341226654,
          1.5682019927578583,
          2.2225935016155143,
          2.169637208020487
        ]
      },