{"train_data": [3.810905864562001, 1.0070406236418359, 0.8174675200693553, 0.5541529680535855, 0.31810424235817863, 0.2014280091849809, 0.14401145870534074, 0.1126871814046158, 0.09066110374449941, 0.07560043318500315, 0.06511555308128993, 0.05600135339142607, 0.050307584271496175, 0.04521838968315271, 0.04028638358845331, 0.03743222588081377, 0.0334878048343725, 0.03196868453198396, 0.02881934319212469, 0.027960528008998096, 0.02583899145714957, 0.02494863152191257, 0.023339367149104208, 0.02132483983108246, 0.020454464812873028, 0.019188431826187253, 0.018988001594995297, 0.018043711631428986, 0.017069025385369987, 0.0164322362420876, 0.016037576798724543, 0.01595323323159714, 0.014579060341043747, 0.013619001507055233, 0.013913260651248883, 0.014054819893779805, 0.013159632128596053, 0.012724691493358203, 0.012850718274517083, 0.011594393060898382, 0.012087580983407415, 0.011875204594333518, 0.012221378037593275, 0.011866083224072546, 0.01089250027733433, 0.011099751627237139, 0.01036871554186437, 0.009955864303282588, 0.00973152354340938, 0.009793763185991624, 0.009301254638978743, 0.009035456683107962, 0.008824757090840286, 0.008802517749129117, 0.008130348251848711, 0.007933488924138404, 0.008161513876756156, 0.00799724233340987, 0.007826378315172286, 0.0077923952613623915, 0.007687072861860122, 0.007456192169399325, 0.006832516437232684, 0.007113105125090637, 0.007766359710841644, 0.007384065438980104, 0.007119223358382049, 0.006711149156411193, 0.006599176910506562, 0.006167698324236636], "train_wave": [2988.04049008961, 3630.9756726853266, 10500.378169783595, 15899.762804069836, 17247.640549715332, 18135.098195237228, 19940.333883204315, 21166.449080262, 21819.42313431791, 22350.56980275165, 21436.06320879663, 21201.6968903896, 21902.51686436432, 21854.603018419424, 21030.754343548015, 21351.92321988481, 21910.203573198873, 21199.681936497913, 21468.410291222935, 21291.90035227557, 21339.839338279213, 21255.791828599762, 20742.59141105414, 20527.562065278238, 20928.641754439675, 20335.724725451946, 19884.49333612124, 20124.872261943667, 19901.83355704922, 19522.139874241024, 19796.56891665496, 19593.88248448321, 19956.239885350675, 19866.69356145428, 19713.477563455577, 19784.015902894527, 19242.79412004759, 19348.878503431995, 19189.274246972203, 19334.578939887848, 18937.55805541954, 18419.901399775285, 18593.74022731454, 18656.088883742057, 18566.657026168177, 18229.30497373091, 18277.836382031528, 18362.315748206216, 18586.425840281663, 17239.981595401063, 18150.991086636415, 17667.33326471261, 17786.79830308522, 17383.95234068744, 17500.335697656265, 17536.111968153946, 17710.87924077604, 17336.22877159354, 16919.481007455168, 16797.402607333344, 17190.02648251591, 16558.042416461903, 16522.89742388832, 16793.231207308912, 16781.02601157373, 16199.52724810921, 16166.281474656693, 16394.791891760884, 16290.404832291988, 16383.251856688772], "train_gauge": [0.10242328899469408, 0.1584886229176959, 0.430159879760896, 0.5784309438810298, 0.6967359664318125, 0.6851591145134031, 0.705066453010242, 0.7110566636250457, 0.7129125643187184, 0.6951065955500997, 0.671404200986807, 0.6658949841187772, 0.7100474503612981, 0.6790520542089961, 0.6669503792304563, 0.6596637786178086, 0.6926635017292736, 0.6730305272677226, 0.6842744323088397, 0.6530276767806904, 0.6762864362401069, 0.6762441206279566, 0.6695215000937416, 0.6388359583670813, 0.6701635305351452, 0.6593228273979572, 0.6304905375230916, 0.6617602660919956, 0.6327071478543363, 0.627748339318444, 0.6141333256739977, 0.6277229821445163, 0.6344082434734613, 0.6393261233957889, 0.6365985675876596, 0.6306505770449196, 0.6047947474003283, 0.6161966265210297, 0.619820166372296, 0.624749909880495, 0.6114385242306902, 0.5892853425987219, 0.5786755095630667, 0.5917224683860591, 0.5688044604833984, 0.5876015221745665, 0.5702647369777896, 0.5884574127002589, 0.5902191723581556, 0.5486539271662487, 0.5730568815843963, 0.5540613687778191, 0.5706842103383098, 0.5352254125611864, 0.5514162739078465, 0.558605327565844, 0.5578792938096735, 0.5381750478065177, 0.5319583495124136, 0.526350310160034, 0.5442716339511077, 0.5290541128345374, 0.5096728143824812, 0.5299183962125671, 0.5368257930597777, 0.5046260081887206, 0.5028454916343214, 0.5158154763915346, 0.5063751809271756, 0.5191912089558414], "train_ic": [0.0021599273899251337, 0.003272068781802943, 0.004485513155368974, 0.004337171195733074, 0.0034004217763441997, 0.003279164476744149, 0.0032011848381997424, 0.00282200767780993, 0.0027270716199820065, 0.0029542785982102733, 0.0028131075921071615, 0.0027416792904689184, 0.0026309634402979245, 0.0025153347687562277, 0.0023445115151566037, 0.002279199386621102, 0.0022163825887062377, 0.002409164065531548, 0.002074651798296566, 0.002182375800359315, 0.0021476443307561, 0.002153450573322273, 0.002019032718520923, 0.002038369025210118, 0.0020160453069769085, 0.0020917549175236763, 0.0020757809646831495, 0.0020296402016138013, 0.0020815261805052793, 0.001919361305514984, 0.0018737316040241814, 0.0018570163631077916, 0.0017873712309207394, 0.0017959724054213814, 0.0018187690552904008, 0.0017742024071491593, 0.0018636173005087517, 0.0019185534061030912, 0.0017501285968724283, 0.0016662160352401939, 0.0018409059005471174, 0.001823485553241114, 0.0017339900800741347, 0.0017109229696633612, 0.0019407037445221533, 0.0017205159917926627, 0.0017907158349742464, 0.0015966109703729123, 0.0015408550764773729, 0.0016051531193196408, 0.0016659129258240176, 0.001614044581504673, 0.0016434289776387436, 0.0016061430190821419, 0.0016128898627077145, 0.0016593687336537066, 0.0014465525259053603, 0.0015368732840262977, 0.0014664104315601216, 0.0014090259028554618, 0.0016371913759100694, 0.0014305356797281233, 0.0014405912528969423, 0.0015842481102540087, 0.0015046811993279854, 0.0014143882562446394, 0.0014614562947685007, 0.0013536536894533126, 0.0014569369088945393, 0.001486026629169977], "train_total": [3.810905864562001, 1.0070406236418359, 0.8174675200693553, 0.5541529680535855, 0.31810424235817863, 0.2014280091849809, 0.14401145870534074, 0.1126871814046158, 0.09066110374449941, 0.07560043318500315, 0.06511555308128993, 0.05600135339142607, 0.050307584271496175, 0.04521838968315271, 0.04028638358845331, 0.03743222588081377, 0.0334878048343725, 0.03196868453198396, 0.02881934319212469, 0.027960528008998096, 0.02583899145714957, 0.02494863152191257, 0.023339367149104208, 0.02132483983108246, 0.020454464812873028, 0.019188431826187253, 0.018988001594995297, 0.018043711631428986, 0.017069025385369987, 0.0164322362420876, 0.016037576798724543, 0.01595323323159714, 0.014579060341043747, 0.013619001507055233, 0.013913260651248883, 0.014054819893779805, 0.013159632128596053, 0.012724691493358203, 0.012850718274517083, 0.011594393060898382, 0.012087580983407415, 0.011875204594333518, 0.012221378037593275, 0.011866083224072546, 0.01089250027733433, 0.011099751627237139, 0.01036871554186437, 0.009955864303282588, 0.00973152354340938, 0.009793763185991624, 0.009301254638978743, 0.009035456683107962, 0.008824757090840286, 0.008802517749129117, 0.008130348251848711, 0.007933488924138404, 0.008161513876756156, 0.00799724233340987, 0.007826378315172286, 0.0077923952613623915, 0.007687072861860122, 0.007456192169399325, 0.006832516437232684, 0.007113105125090637, 0.007766359710841644, 0.007384065438980104, 0.007119223358382049, 0.006711149156411193, 0.006599176910506562, 0.006167698324236636],