{
  "median": 1.2772842937980942,
  "mean": 1.7005367536504707,
  "per_point": [
    1.385679644024897,
    1.3910636271535717,
    2.175631690901192,
    1.1828000086579693,
    1.0786187885217962,
    1.0277497736502448,
    1.1665291575851546,
    1.2697795952346402,
    1.2818868677976174,
    1.1852467135460407,
    1.188611297602956,
    1.0954711616238724,
    0.9633036487012607,
    1.3533063029124746,
    1.426793996294456,
    1.2488653985301887,
    1.4836737740466395,
    1.4723481230300652,
    1.272681719798571,
    1.420844961866104,
    1.5530998328915835,
    0.8470091276550255,
    2.431745331085602,
    9.910141544499377
  ]
}