{
  "median": 0.24932146674428646,
  "mean": 1.5284723739997501,
  "per_point": [
    0.2010259767445122,
    0.2134819416772518,
    0.21022293647740115,
    0.19969152417820046,
    0.1750123060015953,
    0.16218369367455973,
    0.10487491735567978,
    0.22901069996578904,
    0.17139489179868442,
    0.2634771279638954,
    0.27682885721062983,
    0.2661213670005271,
    0.3320533002797761,
    0.3140659129218589,
    0.4545425359021817,
    0.3929439230104483,
    0.22258705149413385,
    0.28848793137916595,
    0.37792773966265375,
    0.3078431956658191,
    0.23551195127764396,
    0.2390299720632587,
    0.18333107365266374,
    0.2135994183194125,
    0.19452644638775313,
    0.17490408499688656,
    0.1532926767267064,
    0.20948159804085206,
    0.20132726510795532,
    0.20095764686521692,
    0.20079448248801257,
    0.2407126929146458,
    0.2138297646445469,
    0.25443517786413783,
    0.22587922316635872,
    0.2570205880746893,
    0.21751335581816902,
    0.2443157268189279,
    0.2598828421504639,
    0.19452068245078608,
    0.21783773017321684,
    0.1721426361501088,
    0.23001968589412033,
    0.14929763378611666,
    0.2629023114071007,
    0.21490942302807997,
    0.20936917181161102,
    0.18053475212502165,
    0.13324935398018375,
    0.2526803713562865,
    0.20041090839034717,
    0.2677446597767331,
    0.18711723466792993,
    0.19304014529817665,
    0.18339110188074345,
    0.4076209019071629,
    0.2072897514030395,
    0.09608119269748032,
    0.17289196856580671,
    0.20350688238649714,
    0.1949956415664864,
    0.2784048477500309,
    0.1795221959381082,
    0.15659378696325435,
    0.1060130910987585,
    0.13207630899515807,
    0.15656236479527727,
    0.1176034646144735,
    0.2465944025909689,
    0.21584449376503564,
    0.10518809056269228,
    0.20498487720205197,
    0.30727167314737,
    0.1048592444208961,
    0.2703615066382056,
    0.10123503935137323,
    0.09969214912498008,
    0.0932463209380725,
    0.30848361938427454,
    0.08869437440935563,
    0.16985562541059773,
    0.14043142218935148,
    0.22474922598978908,
    0.22661589025031,
    0.2339837534028278,
    0.08749721211349455,
    0.1945532775828785,
    0.09085307575585952,
    0.209843426106021,
    0.2622545368504063,
    0.1806436092299845,
    0.18677776413320363,
    0.116930503316781,
    0.1580368010322779,
    0.27270779594714045,
    0.21855519426702094,
    0.09411588173297523,
    0.22469803827841825,
    0.1958903225182682,
    0.10694453937836396,
    0.0961327278701444,
    0.24518875259402198,
    0.17813327702040524,
    0.2292625894483622,
    0.1367453906195281,
    0.25610410190751304,
    0.4625134984451521,
    0.09671151876326793,
    0.10721515112874777,
    0.18045456148625935,
    0.1341539555508256,
    0.1366735321483101,
    0.1507545744504136,
    0.28660996869801325,
    0.12917181037814524,
    0.2589316497770544,
    0.24487397732312016,
    0.10120633970659086,
    0.09439255634503134,
    0.2436094959018077,
    0.09575772648903047,
    0.10880307971994237,
    0.23848064943487748,
    0.0989528118583635,
    0.0925723270153023,
    0.10318781413323248,
    0.09053504980940585,
    0.12484658413072847,
    0.2258016001233339,
    0.3304415952044274,
    0.5293869870825433,
    0.09253901036674403,
    0.2538982624594689,
    0.09897763413245822,
    0.15999768887315058,
    0.2960008240794232,
    0.17262756496757023,
    0.13158439539645264,
    0.10719571806468443,
    0.0999010803306853,
    0.09790978999367046,
    0.2494128064979358,
    0.11760113958935574,
    0.18052285611306454,
    0.10997371791489285,
    0.08287323443115671,
    0.10090086282111194,
    0.28854653151601634,
    0.1095513795977613,
    0.10731872535160364,
    0.29301996804739144,
    0.10339886727016515,
    0.09232308471422546,
    0.2850699588597258,
    0.26515608238892385,
    0.10170274851511038,
    0.08605140924351816,
    0.20186629532306305,
    0.25689035229971624,
    0.13469825843154692,
    0.10671658573541885,
    0.26574919823954224,
    0.25413446217217833,
    0.11477081663942998,
    0.09199837296298871,
    0.09689740797328121,
    0.22162046753428816,
    0.2810490026095529,
    0.09070682401929084,
    0.2415458397106351,
    0.126178498876713,
    0.24854778902562547,
    0.11798454453203705,
    0.09920589456488546,
    0.2843851445926931,
    0.30112304302103066,
    0.09886759643377149,
    0.10563181461683323,
    0.08139925786006277,
    0.0903563474069347,
    0.09861708435099864,
    0.10695478108561024,
    0.10867276829005168,
    0.08253976683633192,
    0.10211263687073856,
    0.21674548919352174,
    0.0900561631983341,
    0.45868022378433015,
    0.08541499374735095,
    0.08003903855892273,
    0.09423955477672503,
    0.09602007119889311,
    0.11350066571035924,
    0.30893141590322715,
    0.4415402711276332,
    0.12177361947074493,
    0.12405864978760396,
    0.12456917007472851,
    0.05153274450903057,
    0.06563529301603048,
    0.08664431372970195,
    0.11188458639765214,
    0.09109753253016148,
    0.11306570786615193,
    0.27190641211856525,
    0.1468649011552748,
    0.1263298638576521,
    0.09156619264015546,
    0.09307545802860369,
    0.0856187782194987,
    0.11890745145392667,
    0.11752855248921473,
    0.10225503292623205,
    0.10472134232021388,
    0.08366109766668971,
    0.08848393923703979,
    0.24220532774632006,
    0.2851799645753532,
    0.14853424282004724,
    0.10603352915010078,
    0.08074675991754572,
    0.09451089397316258,
    0.11004976101826869,
    0.11877355105106524,
    0.10319610692408426,
    0.1180124873643881,
    0.17757290858038818,
    0.09438369361766476,
    0.1002931594906238,
    0.0652714118416742,
    0.09160967467546721,
    0.11165776598157481,
    0.11860420832551857,
    0.14534299389554164,
    0.12025984767723114,
    0.12189885628757147,
    0.1009577762900406,
    0.07561006532449449,
    0.0914026808778611,
    0.12115031824976108,
    0.11055343047160314,
    0.0900939920114049,
    0.09188950257783758,
    0.11190400730894466,
    0.08427203946905615,
    0.1363316664413778,
    0.08566537484497116,
    0.12447383241629724,
    0.09378579847214787,
    0.08643278882786005,
    0.09869894138072667,
    0.10667424938398729,
    0.3308037247908601,
    0.2334896003150576,
    0.3611968277145478,
    0.10499270708055376,
    0.09523328584451127,
    0.1153003590316805,
    0.11048804190379756,
    0.13814299693564003,
    0.3922039298167695,
    0.10331871230804507,
    0.3203217460354502,
    0.5734785556005416,
    0.08969850386191884,
    0.12149884250119479,
    0.10580497550386138,
    0.08840978188929954,
    0.15196802663551698,
    0.3630892820384793,
    0.08633552962345384,
    0.09153590787337257,
    0.10013622866659515,
    0.19722561746330977,
    0.2930248411512084,
    0.09448167645613768,
    0.1148989541656785,
    0.11745263599463257,
    0.10631701987182716,
    0.27301255444520306,
    0.24334098897683845,
    0.2961732970916767,
    0.14799086610074105,
    0.2548373682445028,
    0.12477371606555787,
    0.09788219844729325,
    0.1483587628757642,
    0.12090374320765779,
    0.5193588549418374,
    0.09630251969998188,
    0.2536379083508783,
    0.22184721383877873,
    0.10312893242903502,
    0.24923012699063715,
    0.0873235777129725,
    0.10717480011940397,
    0.3587862859858355,
    0.2739331127499406,
    0.104670035378881,
    0.11653036526992461,
    0.1612829957118127,
    0.09944881162996423,
    0.10736198514605468,
    0.11188935011162518,
    0.3796232145630197,
    0.14798970080613832,
    0.10381975369365416,
    0.31889966115503066,
    0.09213601179225181,
    0.12177263248484065,
    0.14022535065924943,
    0.19072640669045737,
    0.10477343293878359,
    0.10907506424947648,
    0.11915179593368573,
    0.11040487426588098,
    0.10874348565624796,
    0.20470021216639545,
    0.09040941404007627,
    0.2541426493148284,
    0.3450289499209736,
