{"train_data": [3.7625850224483157, 0.808900861452609, 0.5284790588891298, 0.2321147464471313, 0.11060199128952647, 0.060733733334802566, 0.04461580940046198, 0.030528573882664948, 0.03013092853911298, 0.024179392528240785, 0.019407778872663622, 0.01622379538267421, 0.018802151860176634, 0.01831137236978078, 0.015183019137487284, 0.013757278492665117, 0.011913722012713311, 0.010324151595675337, 0.008265562274393429, 0.006908922323202551, 0.006687701883733779, 0.006826101195363505, 0.005908804831107132, 0.005515880292558848, 0.004890347064165949, 0.004714004078916562, 0.004505149207126596, 0.00426017209313416, 0.0036169738702354947, 0.0037345347052142245, 0.003298379826194048, 0.003063527684538785, 0.0028034119392738974, 0.0027237682566922457, 0.0026298862769236005, 0.0024185867964930186, 0.002319902290029607, 0.0024370120054021506, 0.002155451059573111, 0.002266725604451409, 0.0020886247125797655, 0.0022602542713524615, 0.0020371509959681753, 0.002151224527956132, 0.0019272972319308052, 0.0019253121678898012, 0.00197814612980821, 0.0020224074634296054, 0.0020162394414394613, 0.0018721428968027519, 0.0017572971255608002, 0.0018418803809099255, 0.0017566869931298758, 0.001669475513822688, 0.0016949587064445523, 0.001966279631257725, 0.0017605044403926793, 0.0018525976639390403, 0.0017773674132179331, 0.0018275753325324086, 0.0019002834913588965, 0.001730968859505067, 0.0016647651656776887, 0.0015759150246465502, 0.0017720709562053306, 0.0016467062203513337, 0.0017318753157114458, 0.0019214227349886467, 0.0016291225113619122, 0.001655476546891485], "train_wave": [1862.8558513608903, 2010.2524170827319, 3982.435815910172, 3676.4361680288757, 3343.294145707281, 2913.329231903017, 2743.295911125487, 2651.8397912330847, 2486.678061990547, 2378.4680770606137, 2222.9643847573707, 2169.303192378026, 1455.523211845254, 1229.6833717488407, 1023.7678973780788, 947.2862262637555, 885.371964211718, 773.8453765726068, 778.7313477226674, 750.2040926404193, 702.0491651726261, 687.4012576317135, 643.7329313480209, 614.7015834907058, 601.7637346079698, 600.6275834765842, 578.6115876720381, 563.1827574731251, 556.2940774489546, 552.1892522644115, 535.5613366856994, 511.8102234458664, 505.8615155714421, 514.8831892878676, 509.4351133674471, 473.66072938614815, 468.83063119413487, 465.80440483853863, 485.0040490872942, 465.6681807827724, 434.81230469457216, 468.2444454786534, 442.06921690870274, 431.81262323374295, 415.49538433753906, 418.9719552011681, 407.8748452041664, 410.3311603832407, 425.6166059839768, 395.14123986342145, 407.403465138332, 388.4104755719333, 375.36615870454347, 417.99850991755835, 384.77334715881364, 384.7601139100428, 374.1717366030887, 369.20208588491045, 375.47383567231367, 357.9148476404337, 352.9929052193951, 357.61896581216865, 341.69382696146397, 373.7473508521499, 359.8771398931863, 330.49903856616146, 341.8930084776016, 351.8693659179183, 356.8092070466836, 333.43322553728], "train_gauge": [0.20872834605697718, 0.26131662318616095, 0.5600221189819083, 0.5645945707376334, 0.5262213878153261, 0.43493083710114777, 0.3931468165359514, 0.3922517032832075, 0.3336419878314078, 0.333026071261824, 0.2998364707361342, 0.29221933514226284, 0.13616111095139458, 0.09698255794051913, 0.08118483032449864, 0.06841494003854023, 0.06804517936184654, 0.06497710135662883, 0.059449069503919226, 0.06601454565854384, 0.07374934394384029, 0.07508608670240291, 0.0822489217683935, 0.10456324400016562, 0.1091100669385346, 0.11746867515838444, 0.1308941138065419, 0.14121108586700865, 0.160431100005638, 0.18266400287732254, 0.2009244345524832, 0.21703384516204433, 0.23138060952675665, 0.23574261860957432, 0.2688578164519925, 0.2899206970042675, 0.2646293470905069, 0.31129570596186096, 0.31342924830103386, 0.3447671954323588, 0.3651800016683376, 0.3706783398411341, 0.3894535881235889, 0.4320835579819981, 0.4236757936890404, 0.4498484670140961, 0.47204140633509983, 0.5046169098148008, 0.5067606784656496, 0.512594226478186, 0.5287081179329625, 0.5509112506069682, 0.5574284151745548, 0.5978590031081095, 0.6232039340652948, 0.5951583949251225, 0.5968215725942874, 0.6241667195697691, 0.6219094610284586, 0.6661081537712468, 0.6900626075204279, 0.7329102293343792, 0.7188730643527337, 0.7239098419378814, 0.6728005253768794, 0.7297167665080643, 0.7625510527410579, 0.7846560173862032, 0.7698016213022243, 0.8117566532653637], "train_ic": [0.011950573144640188, 0.01767100838917704, 0.01966803173763156, 0.019976372490396955, 0.018777069049132903, 0.016543518590020102, 0.014258078015644118, 0.0147004037442727, 0.012361906938432083, 0.0123347567040849, 0.010608803827790107, 0.009208896096118522, 0.005352196984969951, 0.002676114831323657, 0.0014723276447103821, 0.0010501625510372602, 0.0007114657504324386, 0.0006345360784951698, 0.0005152940169923717, 0.0003172873741402002, 0.00034851665387296553, 0.00027799305828576736, 0.00023733633768406226, 0.00022459558903640796, 0.00022993193599249668, 0.00018226754377344672, 0.000147794641188052, 0.0001409006913852135, 0.00011865163242496567, 0.00010653394252567695, 9.683377144331071e-05, 8.252390020228276e-05, 9.601998840437262e-05, 8.319218035185616e-05, 7.836923838771005e-05, 9.512295569830259e-05, 6.859799439517872e-05, 7.159098891745046e-05, 7.424384608794144e-05, 6.18696956664196e-05, 6.051339404774037e-05, 6.086557398242496e-05, 5.7492170199377606e-05, 5.878387856706961e-05, 5.4370929751313167e-05, 4.653081531323537e-05, 4.315077293182806e-05, 5.2069152477568344e-05, 4.579646813901368e-05, 4.081018651128645e-05, 4.294209327795515e-05, 4.7634312847221305e-05, 3.340596491172887e-05, 3.779556492128967e-05, 3.8459625063579704e-05, 4.5889012306999855e-05, 4.662453658929397e-05, 3.5704559841503826e-05, 3.472335461445878e-05, 3.491948721915988e-05, 3.805336275250318e-05, 2.716085382485981e-05, 3.123475284773296e-05, 4.341644103230757e-05, 3.447656275765008e-05, 2.3411450932828197e-05, 3.000790514787601e-05, 2.9760941589939956e-05, 2.6526054941600812e-05, 2.308299968315373e-05], "train_total": [3.7625850224483157, 0.808900861452609, 0.5284790588891298, 0.2321147464471313, 0.11060199128952647, 0.060733733334802566, 0.04461580940046198, 0.030528573882664948, 0.03013092853911298, 0.024179392528240785, 0.019407778872663622, 0.01622379538267421, 0.0421526205014541, 0.03861241532317005, 0.03336420085225773, 0.03153546352435273, 0.029135251757420013, 0.025804555785728565, 0.02389269838563442, 0.02221218287765937, 0.020696143560049344, 0.02129642388123945, 0.01958797735269973, 0.018225671143912957, 0.016983503528613622, 0.01698199033421411, 0.01585362226982094, 0.01512849278660112, 0.014029135441559704, 0.014068244619840523, 0.012956658940142533, 0.01191939968583979, 0.01125394973811368, 0.011221246934633616, 0.010576770611845473, 0.009569173297641401, 0.009142025672580555, 0.00921772463468723, 0.009115260631186013, 0.008796609171588383, 0.008080175641251812, 0.009089429944613548, 0.00837335684376263, 0.008403676449021338, 0.007802420469086654, 0.007806866883442114, 0.0077296832412453425, 0.007805831935778079, 0.007985241562268416, 0.007462249789085865, 0.007306640163715014, 0.007015065514342582, 0.006798111120634056, 0.0072494683596421965, 0.006735635082038885, 0.0070538052527097175, 0.006691991250709015, 0.006842831469548208, 0.006923567075563942, 0.006825082969838751, 0.00687382569996144, 0.006765928524582631, 0.006400486177999692, 0.006623270413669999, 0.006729452910244081, 0.0061709162471388435, 0.006390505509127951, 0.006785190434211762, 0.0065633964148890875, 0.006276748729792113],