{
  "median": 1.152124881176519,
  "mean": 1.1717409734479025,
  "per_point": [
    1.1819132512751873,
    1.1706276481540585,
    1.1560433150403842,
    1.1427603745686115,
    1.203251560706882,
    1.1506723031462176,
    1.1518136122535783,
    1.1493108867321513,
    1.14460022225212,
    1.1822306984358883,
    1.1393301489743146,
    1.1000399828875609,
    1.1192158009977486,
    1.1254813181594747,
    1.1263292854152,
    1.1698912738335472,
    1.2558959689579021,
    1.2699515607052283,
    1.1228822700018553,
    1.0577521456286545,
    1.064560765206821,
    1.0902485028263738,
    1.0981187228926736,
    1.1524361500994595,
    1.2483491232134851,
    1.3084840671904574,
    1.1549214222146988,
    1.084005822670385,
    1.0814914654512462,
    1.1019666942201904,
    1.1203646624994221,
    1.1844584091416466,
    1.2975314057991956,
    1.2354472029581018,
    1.161711666788428,
    1.1394384524710393,
    1.120449137109138,
    1.1443844514099153,
    1.2376355104084715,
    1.42385888320372,
    1.2754466162109312,
    1.1823106806240282,
    1.1450557320463626,
    1.1411971267902277,
    1.2087748288383584,
    1.3168012273287544,
    1.1711665270985634,
    1.1440069068391419,
    1.176692472929353,
    1.2557404077879748
  ]
}