{
  "train_centers": [
    [
      -18.0,
      -100.0
    ],
    [
      18.0,
      -100.0
    ]
  ],
  "gap_center": [
    0.0,
    -100.0
  ],
  "n_held": 50,
  "phys_off_median": 1.4167430527819584,
  "phys_on_median": 1.152124881176519,
  "phys_off_mean": 1.4170066202850449,
  "phys_on_mean": 1.1717409734479025
}