{
  "mode": "temporal",
  "held": [],
  "phys_off_median": 0.24932146674428646,
  "phys_on_median": 0.2247274616424348,
  "phys_off_mean": 1.5284723739997501,
  "phys_on_mean": 1.4256524898650245
}