{
  "keep": 0.1,
  "pct": 10.0,
  "epochs": 50,
  "seed": 42,
  "rho": 85.51903022421783,
  "L": 85.51903022421783,
  "train_rows": 242576,
  "seen": {
    "median": 0.9480114527146288,
    "mean": 3.553738152850534,
    "n": 135
  },
  "neighborhood": {
    "median": 1.6084598432077986,
    "mean": 2.1517092971136607,
    "n": 15,
    "per_point": [
      1.4284225081727853,
      0.9525608552694004,
      0.97131065120824,
      1.0814692082217283,
      1.0488864143646874,
      0.9563824234241944,
      1.4725135507131748,
      1.6084598432077986,
      1.8123920807011809,
      1.9960351234365954,
      3.134716025921842,
      3.322009231804048,
      3.2218462757965405,
      3.392801076649497,
      5.875834187813191
    ]
  },
  "far": {
    "median": 2.91529341485876,
    "mean": 22.45991494899272,
    "n": 10,
    "per_point": [
      5.908603291422877,
      1.8698980229378934,
      3.960688806779627,
      1.230106447289701,
      1.066551148085699,
      1.2414140607834592,
      1.8123950853723827,
      17.210601905230526,
      61.85649838888314,
      128.4423923331419
    ]
  },
  "per_neighborhood": {
    "near_source": {
      "seen_median": 0.2585957746802624,
      "neighborhood_median": 1.0488864143646874
    },
    "in_between": {
      "seen_median": 0.9480114527146288,
      "neighborhood_median": 1.6084598432077986
    },
    "near_boundary": {
      "seen_median": 5.892346097031486,
      "neighborhood_median": 3.322009231804048
    }
  }
}