{
  "keep": 0.25,
  "pct": 25.0,
  "epochs": 50,
  "seed": 42,
  "w_gauge": 1.0,
  "lz_mode": "inplane",
  "Lz": 85.52687738236612,
  "rho": 1.0,
  "L": 85.52687738236612,
  "train_rows": 607132,
  "seen": {
    "median": 0.18831191989103407,
    "mean": 0.4110606942806438,
    "n": 135
  },
  "neighborhood": {
    "median": 0.9509430791790936,
    "mean": 0.9210501036479377,
    "n": 15,
    "per_point": [
      1.12680191067195,
      1.1138439291739364,
      0.9651847346349102,
      1.0897582009084195,
      0.9169049339626061,
      0.5656503600424063,
      0.6457966422289856,
      0.7144920978555939,
      0.9509430791790936,
      0.9462877324827462,
      1.0782015227753023,
      0.6096550390900634,
      0.880070115177125,
      1.142026733433406,
      1.0701345231025223
    ]
  },
  "far": {
    "median": 1.5883465258664087,
    "mean": 3.8095734026842143,
    "n": 10,
    "per_point": [
      2.344178755657739,
      1.156550404493649,
      1.8904445902208555,
      0.9950848299339402,
      1.0147724921598833,
      1.046643528360044,
      1.286248461511962,
      2.1386511660161016,
      10.050739025957858,
      16.17242077253011
    ]
  },
  "per_neighborhood": {
    "near_source": {
      "seen_median": 0.05571913822971053,
      "neighborhood_median": 1.0897582009084195
    },
    "in_between": {
      "seen_median": 0.18831191989103407,
      "neighborhood_median": 0.7144920978555939
    },
    "near_boundary": {
      "seen_median": 0.7779248843399067,
      "neighborhood_median": 1.0701345231025223
    }
  }
}