{
  "median": 0.2247274616424348,
  "mean": 1.4256524898650245,
  "per_point": [
    0.2152479721965248,
    0.16917685919055717,
    0.18893628511590668,
    0.16826572969935885,
    0.16200998795304486,
    0.15824364996873055,
    0.12168774578660067,
    0.17819813241922794,
    0.16094279240385162,
    0.254173398804066,
    0.2613847754942903,
    0.22510319018086555,
    0.3027778875517281,
    0.29692826138448375,
    0.5089441321139124,
    0.414506774565657,
    0.19534936093116287,
    0.25528658922277114,
    0.3390738723631027,
    0.32013995401192064,
    0.2079642186646974,
    0.20743421906251222,
    0.17301888378082678,
    0.19033088931790523,
    0.20138253644903034,
    0.18303817430227096,
    0.1348187443259749,
    0.19712732998224872,
    0.2099007686010003,
    0.1853386915176066,
    0.16615759895133936,
    0.22834980741542363,
    0.24557898360350877,
    0.24322093931364405,
    0.23898008239424082,
    0.2660233778230439,
    0.19526840361362666,
    0.19797180363860314,
    0.24490028450780343,
    0.18207394987241107,
    0.19289752210646954,
    0.18168334742002948,
    0.235867837569434,
    0.14914064559136106,
    0.2375685653532547,
    0.20949608453065158,
    0.17912728736981048,
    0.1782402315351624,
    0.1285346874793832,
    0.22475548196270143,
    0.17986474565303195,
    0.22754079041875003,
    0.2233552153697002,
    0.21230478900570354,
    0.16043792630876338,
    0.36191496317718347,
    0.17703707422967332,
    0.09887986438987724,
    0.15531765860892577,
    0.19840610747862317,
    0.1719226213348348,
    0.2431233897670044,
    0.17929451036939872,
    0.16519167021932643,
    0.12498704803711944,
    0.1270281348914143,
    0.15864177211986835,
    0.11891420961955912,
    0.21110118198362984,
    0.2396070875977094,
    0.09670898175653883,
    0.22023515503061258,
    0.2602703236157145,
    0.12246314608103272,
    0.2248464726231366,
    0.1278168939865531,
    0.10751734297615596,
    0.09827729276899701,
    0.3089290522038375,
    0.10969750893258556,
    0.16631279258002876,
    0.15612573053188541,
    0.20236034355863428,
    0.174088147521535,
    0.21049850942639284,
    0.0963918879560877,
    0.19274274915940615,
    0.09339431083586651,
    0.18342003284919686,
    0.22469944132216818,
    0.1834139114297643,
    0.18234232408448692,
    0.1310168119346006,
    0.16167820323389923,
    0.1938504937470212,
    0.24086685465689672,
    0.10640118319925376,
    0.24932710526298618,
    0.2058551283809665,
    0.1068481167760303,
    0.10722610920063795,
    0.2594159637676357,
    0.1674141825280415,
    0.21984842550620504,
    0.11838929599174142,
    0.24304526655238046,
    0.47812770568388363,
    0.1079343628499653,
    0.10672320113781285,
    0.14667295190226345,
    0.13495236648966197,
    0.13023000332301782,
    0.16779317100770325,
    0.25091169964924004,
    0.12683287634506316,
    0.22912412730790196,
    0.22673764397147442,
    0.11440633610395387,
    0.10352693099137644,
    0.1995403165093807,
    0.09808081664421806,
    0.11338193431984576,
    0.2163337582772452,
    0.09750629695901608,
    0.1069154961545314,
    0.09928434241795749,
    0.08791361450829183,
    0.15302986818748415,
    0.18113146534936075,
    0.3022105148242086,
    0.4131435097432094,
    0.09852589649711684,
    0.21994811071048923,
    0.10633516912080418,
    0.13699505005798351,
    0.25781771638851764,
    0.17138797901285555,
    0.1285298957494359,
    0.09063166766175902,
    0.10189928038882314,
    0.10544347157532663,
    0.1839975617795487,
    0.11080135131133818,
    0.1389691970359641,
    0.09943224413992056,
    0.08995118379000978,
    0.10107577402541892,
    0.2537281297937564,
    0.08729644507962663,
    0.10725093498618037,
    0.1964010717779524,
    0.09638539228952177,
    0.09023436014003734,
    0.22803214650588974,
    0.2151311672152236,
    0.09868133078281421,
    0.07869508858551896,
    0.1748489176740468,
    0.20147844857800065,
    0.1269613563854268,
    0.08074929407197758,
    0.21612283319172496,
    0.19758888990483434,
    0.11716222187853366,
    0.10675871232955113,
    0.0793569449021276,
    0.17629041820710944,
    0.22571858893156552,
    0.10500246677592268,
    0.19401272839159686,
    0.11001163604728362,
    0.214193496993076,
    0.10998881508708293,
    0.09186447831437897,
    0.23409666267299775,
    0.23276671350307088,
    0.08530940103760491,
    0.09424886214324597,
    0.08513311427609999,
    0.07805511717615879,
    0.09156717418751152,
    0.09534845356441331,
    0.09244748424927848,
    0.08189673911435744,
    0.09807077089444152,
    0.17003976820713193,
    0.06864372008179079,
    0.3559698652076385,
    0.07592359292283406,
    0.06944167981088319,
    0.07120169308992437,
    0.1035533506740955,
    0.12220501581793175,
    0.27973223929221985,
    0.3683981250348621,
    0.09197226922142988,
    0.12454455204394925,
    0.11779543292750452,
    0.06792491104321152,
    0.06241407537759724,
    0.07130920536768058,
    0.09760116480822374,
    0.06722723290497276,
    0.084310259007685,
    0.2444899392444305,
    0.12552363213310216,
    0.11559364222653394,
    0.09922402412440572,
    0.08282479407355689,
    0.05489088335883612,
    0.09981081412290387,
    0.11351768935015788,
    0.11097586462751076,
    0.08816937401611673,
    0.05612950688435979,
    0.07808413848893876,
    0.20253838943364616,
    0.20343685124968297,
    0.11872746863381595,
    0.11224052684064113,
    0.07808116792937943,
    0.07092348480232895,
    0.10100332108049292,
    0.11240094338057935,
    0.0877695150771219,
    0.12466585326259118,
    0.10887770023133325,
    0.09711616754605218,
    0.106202994950832,
    0.06747505424935281,
    0.07984350496934164,
    0.12179410120077926,
    0.09787867470805917,
    0.12311736265607298,
    0.11594720126971034,
    0.12231656351862154,
    0.10535833653457834,
    0.06377948654140032,
    0.08156151075203835,
    0.08954613772234568,
    0.10307704950501785,
    0.07126204213450937,
    0.09214481806832453,
    0.10981039036528957,
    0.0756526423513752,
    0.10746483186248502,
    0.08343848835646946,
    0.10144770080908894,
    0.07663830131641326,
    0.07159544028318947,
    0.10006834170054887,
    0.11641616483740985,
    0.22477336733329314,
    0.2140960839318162,
    0.27546221931457554,
    0.07915654216844092,
    0.0960670823602293,
    0.08819495476425152,
    0.10930027893624024,
    0.11358958727938356,
    0.31809284028270873,
    0.1062650276000038,
    0.25080684530011776,
    0.38250376137925496,
    0.08769722174020908,
    0.10341103983642545,
    0.10221471011273253,
    0.10715233944681365,
    0.12164351527147815,
    0.2371463647402054,
    0.08539682745689817,
    0.0909786340174868,
    0.08679314056651169,
    0.16115526417058956,
    0.2135703892913749,
    0.08985317655696821,
    0.09507642603170328,
    0.10286443335145161,
    0.09182922554702282,
    0.22005399200739129,
    0.18411995579510484,
    0.2657285131028782,
    0.12822043514295228,
    0.21327387111883195,
    0.10932022830597882,
    0.09250698955973734,
    0.1236750747710533,
    0.11812450969333087,
    0.4100383173082605,
    0.11603008397783904,
    0.2475701744903595,
    0.19068908410497484,
    0.12035506072122032,
    0.21217329830322518,
    0.09213935551378465,
    0.10771525868884985,
    0.2477762428927506,
    0.24079101425053714,
    0.09988636512848048,
    0.11686201297481548,
    0.1645393021494431,
    0.09426569386457354,
    0.12866835153286502,
    0.1259546587497654,
    0.2967021768066078,
    0.13950673742530403,
    0.094777379230303,
    0.2527204762246097,
    0.09943417754620802,
    0.12988784939327305,
    0.1652375413467334,
    0.1677111337709333,
    0.1104981237191339,
    0.08920205254079251,
    0.10460799062566253,
    0.08672226726842606,
    0.115972465055561,
    0.1717455965318486,
    0.1140308452424676,
    0.2339798438404352,
