{
  "keep": 0.15,
  "pct": 15.0,
  "epochs": 50,
  "seed": 42,
  "rho": 85.56466610048274,
  "L": 85.56466610048274,
  "train_rows": 363673,
  "seen": {
    "median": 0.6993505863371532,
    "mean": 2.2869438858638866,
    "n": 135
  },
  "neighborhood": {
    "median": 1.1876473020432925,
    "mean": 1.6204489478125497,
    "n": 15,
    "per_point": [
      1.281671486170833,
      0.9157948136144594,
      0.9679121411736507,
      1.046664113827227,
      1.099935805292443,
      0.9430434911962766,
      1.1008666756621177,
      1.1876473020432925,
      1.121909990312278,
      1.5294485230134074,
      2.0510102843372255,
      1.9230524031681098,
      2.4056586780282365,
      3.0069359613322204,
      3.725182548016469
    ]
  },
  "far": {
    "median": 2.559774033554757,
    "mean": 15.802263737950835,
    "n": 10,
    "per_point": [
      5.605571697422084,
      1.5681965443938108,
      3.551351522715704,
      1.183073753632781,
      0.9995036786738283,
      1.1043716647804478,
      1.4516995013624134,
      11.08667821915993,
      36.861001016771475,
      94.6111897805959
    ]
  },
  "per_neighborhood": {
    "near_source": {
      "seen_median": 0.18246171347639303,
      "neighborhood_median": 1.046664113827227
    },
    "in_between": {
      "seen_median": 0.6993505863371532,
      "neighborhood_median": 1.121909990312278
    },
    "near_boundary": {
      "seen_median": 4.056700194872745,
      "neighborhood_median": 2.4056586780282365
    }
  }
}