{"train_data": [9.876269450959882, 0.9553656360883936, 0.7910642773201851, 0.5877400951788433, 0.3320433779521657, 0.1944558746069747, 0.12076735901305342, 0.08614153414597725, 0.05944772981119583, 0.05289361455627098, 0.043268521500184315, 0.032096726142867196, 0.03206127478581623, 0.026065307287273447, 0.020188896925597465, 0.01771641058558262, 0.0191560695284927, 0.015666385845014525, 0.012730673285022554, 0.011891866535084719, 0.015283251918716352, 0.011203361141760947, 0.009275499108309718, 0.008306839297871408, 0.006516219111462692, 0.005430614511251496, 0.004311774815821049, 0.002271038858054491, 0.00206246569742639, 0.0013174401363581281, 0.0010261843591960597, 0.0013953465329379629, 0.0029871719736221498, 0.0021049349036398875, 0.00124878153004405, 0.001029964061583057, 0.0006823116693305939, 0.001664420639421724, 0.0034028853787382058, 0.0016313906825867345, 0.0008565045697458471, 0.0006672074557626104, 0.0006579088273062859, 0.0015030221043793091, 0.0011067939382240358, 0.0007886567250789613, 0.0006692652649484264, 0.0007174767194044166, 0.0013081199356973806, 0.0038377604402645925, 0.0024119252586610146, 0.0012750908458258627, 0.0007912306030494301, 0.0005242718046863139, 0.0005823014017494282], "train_wave": [12023.699893725621, 5427.270564586611, 4969.569277872137, 6618.394698528464, 6297.665853137495, 5802.295055824099, 5588.3140040085755, 4765.8735034421015, 4721.908235725736, 4299.967239504554, 4097.629403785975, 3987.498356672908, 3722.569833509596, 3573.7791933350327, 3355.3960795166786, 3373.596045778515, 3119.7034789344398, 3234.392492408577, 3142.899087876077, 3006.819835949473, 3024.841496095422, 2848.5450060700186, 2616.000969591997, 2418.981759635938, 2405.284978497864, 2245.3969799298957, 2447.1561917494214, 2349.812820664357, 2277.476841354873, 2289.3169014666405, 2350.76285441619, 2345.031050208083, 2398.232930115441, 2244.6574518490083, 2242.519319030287, 2248.016994201526, 2265.6293277220893, 2098.523546783147, 2311.3169216172487, 2215.5618827110857, 2225.096709026657, 2216.817553508402, 2102.8941826231003, 2140.3195691523088, 2205.5532662546707, 2182.95351854185, 2197.0461220168954, 2144.514807484942, 2333.376243881588, 2197.736341605181, 2101.588068200027, 2117.962227553202, 2098.989230274933, 2085.4977625549946, 1992.2196700485542], "train_gauge": [0.8804750266197316, 0.3240044676696232, 0.30842380453368035, 0.42213058943004306, 0.3101925751006791, 0.33006296151854086, 0.29266680194982264, 0.2576656798956294, 0.23176297423524286, 0.2284420160782848, 0.2114893866610203, 0.21625243600758046, 0.2005596071825524, 0.1995944724682279, 0.18593675856763348, 0.1832829936477082, 0.17101928455728954, 0.16768100257842838, 0.1672858439205495, 0.15778168703657233, 0.16170090900597955, 0.14945030992529545, 0.13702705857861525, 0.1235431306063182, 0.126406921744809, 0.11980959398267778, 0.1259779348018992, 0.12193353777958255, 0.11896921944467015, 0.12214376020780071, 0.12374214576607172, 0.12275253074183948, 0.12352434000574498, 0.11830125504636776, 0.1179013969252814, 0.1190529585744591, 0.11931798705073052, 0.1121253959506048, 0.12226725642429835, 0.11774191296926331, 0.11753629624718887, 0.1174095846546166, 0.1124909050906425, 0.11373984457348174, 0.11625162772897166, 0.11660239625754751, 0.1159471600130347, 0.11290865482712914, 0.12304206458775095, 0.11325676647567337, 0.11142309218655093, 0.10942060202922829, 0.10891531707215374, 0.10918811093524938, 0.10595315528497176], "train_ic": [0.010028828941848224, 0.008701038504487009, 0.008852728338600393, 0.006527737342931629, 0.004466085809782664, 0.0038619992415524582, 0.003601252008219076, 0.0033795264086496964, 0.002667004091177151, 0.002816327406226705, 0.002717288615343631, 0.0021576979345693872, 0.0022180669659467786, 0.0020149169955548415, 0.0017187191964627804, 0.0016340490468393554, 0.0017371463613549572, 0.0012842432138175023, 0.0012858767942336487, 0.0013421140922332828, 0.0011747469060784557, 0.0009999898105051076, 0.0011972567686394835, 0.0010459106493538339, 0.0011592680346485763, 0.0010193592558736472, 0.0008786361884299043, 0.0008954943529338774, 0.000869709954647749, 0.0008305891294952445, 0.0008299598359802393, 0.0008690774126802775, 0.000840113219521279, 0.0009021284192958538, 0.000828063181006669, 0.0007588905944774754, 0.0007926118765399174, 0.0008828516761657885, 0.0007610020483011519, 0.0007981678760680367, 0.0007652842223230289, 0.00077282854489049, 0.000817252070662232, 0.0008383781216659053, 0.000774640682285977, 0.0007826805138477746, 0.0007605207720597578, 0.0007624423223721553, 0.000717205494734169, 0.0007524111216130761, 0.0008083562809843084, 0.0008399698893096078, 0.0007866341130745794, 0.0007763554782989523, 0.0007921052375140145], "train_total": [9.876269450959882, 0.9553656360883936, 0.7910642773201851, 0.5877400951788433, 0.3320433779521657, 0.1944558746069747, 0.12076735901305342, 0.08614153414597725, 0.05944772981119583, 0.05289361455627098, 0.043268521500184315, 0.032096726142867196, 0.03206127478581623, 0.026065307287273447, 0.020188896925597465, 0.01771641058558262, 0.0191560695284927, 0.015666385845014525, 0.012730673285022554, 0.011891866535084719, 0.015283251918716352, 0.011203361141760947, 0.009275499108309718, 0.008306839297871408, 0.006516219111462692, 0.005430614511251496, 0.004311774815821049, 0.002271038858054491, 0.00206246569742639, 0.0013174401363581281, 0.0010261843591960597, 0.0013953465329379629, 0.0029871719736221498, 0.0021049349036398875, 0.00124878153004405, 0.001029964061583057, 0.0006823116693305939, 0.001664420639421724, 0.0034028853787382058, 0.0016313906825867345, 0.0008565045697458471, 0.0006672074557626104, 0.0006579088273062859, 0.0015030221043793091, 0.0011067939382240358, 0.0007886567250789613, 0.0006692652649484264, 0.0007174767194044166, 0.0013081199356973806, 0.0038377604402645925, 0.0024119252586610146, 0.0012750908458258627, 0.0007912306030494301, 0.0005242718046863139, 0.0005823014017494282], "val_data": [1.1416260825199325, 0.8726298081740365, 0.7377447151121886, 0.4588008102152383, 0.2822569398085971, 0.17659839602956526, 0.1283009442321621, 0.09618817858346518, 0.06679059329981056, 0.07068516695953503, 0.04905169709051069, 0.03835742316974502, 0.04353586383981597, 0.03114494933305086, 0.02476940140168013, 0.02954434274018684, 0.02719743118563484, 0.021281059647113316, 0.020813229419648246, 0.020033070848123963, 0.019696581133405233, 0.014851382092545327, 0.013595571031089035, 0.012150992197306096, 0.009966106468489257, 0.012134375191247137, 0.0071988727509837425, 0.006783474422684717, 0.006092867129419594, 0.005336233205395575, 0.005138523547864759, 0.005560439242348268, 0.006932435196983436, 0.005534482740261166, 0.00515406942955714, 0.004724397366373268, 0.004435580310671845, 0.011109257597276346, 0.005939742354719533, 0.004816993125171603, 0.004287515002576207, 0.004212680785602606, 0.005298690129726197, 0.005527209753001301, 0.004317397817528284, 0.0044277598025925504, 0.004006882713639713, 0.004246861741722942, 0.006101484351570786, 0.006494825889344029, 0.005195700677507436, 0.0044307715330667, 0.004204549203314443, 0.003975773509042642, 0.005064561982833224],