{
  "median": 0.15492907091929353,
  "mean": 0.1611702194577032,
  "per_point": [
    0.11805387067133562,
    0.11423380269596203,
    0.2590948868188787,
    0.23782190097146663,
    0.0729512002794123,
    0.18995355256247,
    0.16089826141321747,
    0.14895988042536962,
    0.13365831974979617,
    0.17607651898912377
  ]
}