{
  "val_data_mse": 0.002657931260754658,
  "final_val_data": 0.0035588394746425022,
  "data_dropped": false,
  "epochs_run": 76,
  "eval": {
    "unseen_inside": {
      "median": 0.2330285431551214,
      "mean": 0.30356754940502745,
      "n": 150,
      "per_point": [
        0.7888218700990697,
        0.7325041558045703,
        0.6106193382350318,
        0.2709531515193703,
        0.4349410986756492,
        0.27018323062636396,
        0.411102958587725,
        0.26507424434463983,
        0.1983073821915024,
        0.5073899331464637,
        0.1775858438644703,
        0.16688489783531818,
        0.26361612459966177,
        0.2706599595983523,
        0.47362349324555125,
        0.6010245922735754,
        0.2574523586629952,
        0.16474162238112477,
        0.23613203234217608,
        0.27067510379619375,
        0.20876182620256076,
        0.23011765735736606,
        0.4199742607859598,
        0.5589645886586605,
        0.7016863438353185,
        0.20437060307372465,
        0.17842754754591136,
        0.15784434822918342,
        0.22696339565942306,
        0.43495328176166176,
        0.21831758351038189,
        0.16871431650150537,
        0.14010505915553823,
        0.12436227130913824,
        0.3238717315371659,
        0.32046156210401155,
        0.25528424885703516,
        0.12423987928012828,
        0.130191646607588,
        0.2771276736131413,
        0.24183257943642855,
        0.144463832563793,
        0.18785826894686783,
        0.09123475077293285,
        0.2896161632268529,
        0.17610164264135933,
        0.12260897767717858,
        0.16351005039843386,
        0.10439297655908598,
        0.23982750623887858,
        0.2094836185398918,
        0.14580807747412794,
        0.16418151408145504,
        0.10703179832279641,
        0.547669383341102,
        0.2162532636793701,
        0.16253423267949915,
        0.2356418099967469,
        0.23041527631349593,
        0.16993750752826103,
        0.20978819644894625,
        0.333971893792494,
        0.1812292437401756,
        0.3333461865487174,
        0.318688040670927,
        0.43440049436876976,
        0.17530976793105585,
        0.16188650149582762,
        0.14605612061306755,
        0.23825805945487508,
        0.11287126489407913,
        0.1179573205422918,
        0.3141016281723651,
        0.2790152249948663,
        0.12459111058673303,
        0.5595920636639818,
        0.17981069322969703,
        0.14804958484747296,
        0.35937573482256435,
        0.11689469286915999,
        0.1818560873100643,
        0.375475462955183,
        0.2379839744288763,
        0.2012762820778353,
        0.2831060772824195,
        0.14535005284625688,
        0.36134012000593235,
        0.1826533901977371,
        0.11560924767060062,
        0.12009141167257498,
        0.20862076385031514,
        0.3706512275228988,
        0.22395709395301514,
        0.1752151370512365,
        0.11152188478916196,
        0.46938643587470336,
        0.20023038680291258,
        0.12191483654343666,
        0.12234366714163857,
        0.17532240052539091,
        0.1846428062735264,
        0.4373187776922085,
        0.2830270217984769,
        0.1526078320542283,
        0.21169544725565242,
        0.11060300089677867,
        0.19779545759382003,
        0.16396194692035998,
        0.2392056429800164,
        0.2671438984269041,
        0.3030197098672343,
        0.14429183620441813,
        0.11205873583662158,
        0.14365924727771767,
        0.1908869588184523,
        0.3989641758003384,
        0.10929555277883538,
        0.11219467153570971,
        0.13023298203355363,
        0.44878678603791394,
        0.1858049596618716,
        0.1266411546874724,
        0.11830649493188242,
        0.11241835483665301,
        0.17226934102039332,
        0.4118231141380755,
        0.4021303200362265,
        0.35050273367981427,
        0.9559897318836842,
        0.23996308847927067,
        0.23010715358789635,
        0.24665928336201307,
        0.5502200105924062,
        0.29401880768658106,
        0.43269620334637743,
        0.3872660344961475,
        0.3835895592815815,
        0.4471708893061139,
        1.2008879146160565,
        0.511814918120258,
        0.5850615273381738,
        0.9843318220032746,
        0.38891132394211747,
        0.31349863786951143,
        0.4627103306296062,
        0.7946732950641447,
        0.6277838658663483,
        1.287096242939493,
        1.0697177479830637,
        0.9631388492608144
      ]
    },
    "unseen_outside": {
      "median": 1.603409096285849,
      "mean": 15.821121027307518,
      "n": 150,