{
  "held": [
    15,
    24,
    28,
    36,
    40,
    55,
    62,
    72,
    81,
    91
  ],
  "phys_off_median": 0.15492907091929353,
  "phys_on_median": 0.09748103158747111,
  "phys_off_mean": 0.1611702194577032,
  "phys_on_mean": 0.09069507583226902
}